trade_licence_no,business_name,proprietor_name,trade_category,business_address,ward_name,ward_no,pin_code,pan,gstin,mobile,email,licence_issue_date,licence_expiry_date,licence_status,num_employees,annual_turnover
BBMP/560058/0001,Chemicals Star Ltd,Rajesh Kumar,GARMENT,"693/9, Cross Road, Peenya, Bengaluru, B'lore",Peenya,154,560058,,,9131994523,,2004-07-26,2027-07-26,ACTIVE,100,14044398.0
BBMP/560100/0002,Mphasis Paper Limited,Suresh Nair,FACTORY,"349/5, 3rd Main, Electronic City Phase 1, Bengaluru, B'lore",Electronic City Phase 1,175,560100,CJJHL6875M,,9774996843,,1990-07-01,2027-07-01,ACTIVE,638,46647616.0
BBMP/560100/0003,Beverages United Corporation,Priya Reddy,FACTORY,"1st Cross, Hosur Road, Bengaluru, B'lore",Hosur Road,49,560100,FGYHU0652O,29FGYHU0652O9ZE,,,1996-09-03,2027-09-03,ACTIVE,799,47159174.0
BBMP/560100/0004,Srinivasa Auto Parts Traders,Anitha Sharma,FACTORY,"143/4, 1st Cross, Electronic City Phase 1, Bengaluru, B'lore",Electronic City Phase 1,80,560100,GPXAM3914Y,,9773715057,,2019-03-22,2027-03-22,ACTIVE,168,49452461.0
BBMP/560100/0005,United Textiles Co,Priya Kumar,FACTORY,"769/5, Service Road, Kudlu Gate, Bengaluru, 560100",Kudlu Gate,142,560100,CLLHX8251D,29CLLHX8251D5ZW,9264109919,,1997-11-26,2027-11-26,CANCELLED,387,5807242.0
BBMP/560100/0008,Janatha Auto Parts Group,Priya Nair,FACTORY,"100/7, Cross Road, Electronic City Phase 1, Bengaluru, B'lore",Electronic City Phase 1,147,560100,MSRFU0438H,,,,2016-12-28,2027-12-28,ACTIVE,437,40903698.0
BBMP/560058/0009,Srinivasa Printing Corporation,Ramesh Nair,GARMENT,"Factory Road, Peenya Industrial Area, Bengaluru, B'lore",Peenya Industrial Area,116,560058,WXECA9274N,29WXECA9274N9ZV,,,1990-10-20,2027-10-20,CANCELLED,227,33255306.0
BBMP/560100/0010,Southern Valves Works,Ramesh Kumar,FACTORY,"83/3, Service Road, Bommanahalli, Bengaluru, 560100",Bommanahalli,64,560100,,,9352548261,,2000-11-20,2027-11-20,ACTIVE,418,20902960.0
BBMP/560100/0011,Premier Furniture Enterprises,Rajesh Kumar,PRINTING,"245/5, 2nd Cross, Electronic City Phase 1, Bengaluru, 560100",Electronic City Phase 1,161,560100,LYYHA4990G,29LYYHA4990G3ZM,,,2006-08-07,2027-08-07,ACTIVE,296,20137459.0
BBMP/560058/0012,KS Ceramics Pvt Ltd,Rajesh Kumar,FACTORY,"Cross Road, Rajajinagar Industrial Estate, Bengaluru, 560058",Rajajinagar Industrial Estate,123,560058,HPSCG6852B,,9397083132,,1998-02-17,2027-02-17,ACTIVE,50,21756881.0
BBMP/560100/0013,Engineering Shree Pvt Ltd,Priya Rao,FACTORY,"Main Road, Neeladri Nagar, Bengaluru, 560100",Neeladri Nagar,170,560100,LBJCZ9036V,,,,1999-04-19,2027-04-19,ACTIVE,772,42868564.0
BBMP/560100/0015,Mahalaxmi Chemicals Private Limited,Suresh Kumar,GARMENT,"611/7, Cross Road, Bommanahalli, Bengaluru, 560100",Bommanahalli,100,560100,LZDHS1045Z,29LZDHS1045Z4ZN,9813219781,,2006-07-16,2027-07-16,ACTIVE,343,42915487.0
BBMP/560100/0019,Sri Foods Corporation,Anitha Rao,FACTORY,"878/7, Main Road, Hosur Road, Bengaluru, 560100",Hosur Road,187,560100,HKXHN5778P,,9131165166,,2016-01-16,2027-01-16,ACTIVE,403,38555174.0
BBMP/560100/0022,Premier Textiles International,Anitha Nair,FACTORY,"3rd Main, Neeladri Nagar, Bengaluru, 560100",Neeladri Nagar,27,560100,,,,,2009-12-26,2027-12-26,ACTIVE,253,5419943.0
BBMP/560058/0023,Modern Metals Co,Ramesh Kumar,FACTORY,"Service Road, Peenya Industrial Area, Bengaluru, B'lore",Peenya Industrial Area,132,560058,,,9626350075,,2013-05-20,2027-05-20,SUSPENDED,113,21235602.0
BBMP/560100/0024,Janatha Printing Group,Anitha Sharma,PRINTING,"846/5, 3rd Main, Hosur Road, Bengaluru, 560100",Hosur Road,139,560100,VCWCH7563P,29VCWCH7563P3ZV,9956665975,,2020-02-22,2027-02-22,CANCELLED,269,43746621.0
BBMP/560058/0026,Karnataka Pipes Manufacturers,Priya Nair,FACTORY,"612/5, Service Road, Peenya 2nd Stage, Bengaluru, 560058",Peenya 2nd Stage,30,560058,HJHCW5295W,29HJHCW5295W8Z6,9405307028,,2007-08-13,2027-08-13,ACTIVE,485,5476523.0
BBMP/560058/0027,Auto Infosys Parts Pvt Ltd,Priya Reddy,FACTORY,"Industrial Road, Peenya, Bengaluru, B'lore",Peenya,139,560058,,,,,1993-09-08,2027-09-08,ACTIVE,787,13120474.0
BBMP/560100/0028,Wipro Pharmaceuticals Factory,Anitha Sharma,PRINTING,"Cross Road, Neeladri Nagar, Bengaluru, B'lore",Neeladri Nagar,3,560100,REEHC1464B,,9587512424,,1993-07-05,2027-07-05,ACTIVE,77,19597010.0
BBMP/560058/0030,Premier Garments Group,Rajesh Reddy,CHEMICAL,"668/8, Service Road, BEL Road, Bengaluru, B'lore",BEL Road,93,560058,ZLVCC4431F,29ZLVCC4431F8ZI,9529982328,,2001-11-18,2027-11-18,ACTIVE,783,26635504.0
BBMP/560058/0032,Global Paints Limited,Rajesh Rao,FOOD,"1st Cross, Peenya 2nd Stage, Bengaluru, 560058",Peenya 2nd Stage,151,560058,LDECT5882Z,29LDECT5882Z6ZW,9102754426,,2022-12-07,2027-12-07,ACTIVE,294,15641147.0
BBMP/560058/0034,Wipro Valves Co,Suresh Nair,FOOD,"801/5, Ring Road, Peenya Industrial Area, Bengaluru, 560058",Peenya Industrial Area,15,560058,QWWFR3377R,,,,1999-05-26,2027-05-26,CANCELLED,705,37643238.0
BBMP/560058/0035,Venkateshwara Paints Limited,Rajesh Nair,PHARMA,"816/1, 2nd Cross, Peenya Industrial Area, Bengaluru, B'lore",Peenya Industrial Area,121,560058,LGKHV7108T,29LGKHV7108T8Z9,,,1991-11-28,2027-11-28,ACTIVE,265,44816789.0
BBMP/560058/0037,Indian Leather Co,Anitha Rao,FACTORY,"Ring Road, Rajajinagar Industrial Estate, Bengaluru, 560058",Rajajinagar Industrial Estate,7,560058,XIKPG1595I,29XIKPG1595I5ZU,9901611993,,1992-01-10,2027-01-10,ACTIVE,351,15199904.0
BBMP/560100/0038,Titan Fabrics Group,Anitha Nair,FACTORY,"1st Cross, Bommanahalli, Bengaluru, B'lore",Bommanahalli,138,560100,PVYHD6469K,29PVYHD6469K4Z4,,,2015-01-26,2027-01-26,ACTIVE,722,6507438.0
BBMP/560100/0039,Mahalaxmi Beverages International,Rajesh Rao,FACTORY,"380/9, Ring Road, Hosur Road, Bengaluru, B'lore",Hosur Road,107,560100,XRVCT4903O,29XRVCT4903O4ZN,9836243579,,1998-01-12,2027-01-12,SUSPENDED,381,1053911.0
BBMP/560100/0042,Balaji Fabrics Private Limited,Anitha Rao,PRINTING,"Service Road, Neeladri Nagar, Bengaluru, 560100",Neeladri Nagar,80,560100,NLPAD7168R,29NLPAD7168R4ZR,9345343109,,2007-03-25,2027-03-25,ACTIVE,428,3323842.0
BBMP/560100/0043,Balaji Ceramics International,Rajesh Sharma,FACTORY,"Cross Road, Bommanahalli, Bengaluru, B'lore",Bommanahalli,83,560100,,,9893276164,,2020-05-14,2027-05-14,SUSPENDED,386,7188004.0
BBMP/560058/0046,Balaji Electronics Group,Rajesh Sharma,GARMENT,"279/8, Cross Road, Peenya 2nd Stage, Bengaluru, 560058",Peenya 2nd Stage,120,560058,PKFFQ1426P,,9743520276,,1993-07-23,2027-07-23,ACTIVE,61,15460106.0
BBMP/560100/0048,Bengaluru Metals Factory,Anitha Sharma,FACTORY,"406/5, Cross Road, Neeladri Nagar, Bengaluru, 560100",Neeladri Nagar,90,560100,IENCD5173U,29IENCD5173U4Z6,9311818984,,2015-05-23,2027-05-23,ACTIVE,182,18568629.0
BBMP/560100/0049,Srinivasa Leather Factory,Rajesh Rao,PRINTING,"155/8, 2nd Cross, Kudlu Gate, Bengaluru, 560100",Kudlu Gate,97,560100,,,9425150964,,2010-02-28,2027-02-28,CANCELLED,286,28151460.0
BBMP/560100/0050,Srinivasa Valves Corporation,Priya Reddy,FACTORY,"394/8, Service Road, Neeladri Nagar, Bengaluru, B'lore",Neeladri Nagar,115,560100,LVQPK6594Z,29LVQPK6594Z6Z5,9285283722,,1995-05-01,2027-05-01,ACTIVE,45,43643471.0
BBMP/560100/0051,Wipro Cables Enterprises,Rajesh Kumar,FACTORY,"2nd Cross, Kudlu Gate, Bengaluru, 560100",Kudlu Gate,77,560100,,,9405100495,,1993-05-25,2027-05-25,ACTIVE,263,38693590.0
BBMP/560058/0052,KS Leather & Co,Suresh Rao,FACTORY,"Cross Road, Peenya, Bengaluru, B'lore",Peenya,42,560058,VRVHX9906Q,29VRVHX9906Q6ZJ,9329987621,,2015-06-23,2027-06-23,ACTIVE,354,36843563.0
BBMP/560058/0053,Royal Printing Corporation,Suresh Sharma,FACTORY,"898/3, 2nd Cross, Peenya 2nd Stage, Bengaluru, B'lore",Peenya 2nd Stage,193,560058,EVUCZ9703X,,9405939035,,1992-07-01,2027-07-01,ACTIVE,775,32617442.0
BBMP/560100/0054,Titan Ceramics Factory,Rajesh Rao,FACTORY,"797/7, 1st Cross, Hosur Road, Bengaluru, 560100",Hosur Road,35,560100,ZVUFE8043D,29ZVUFE8043D9Z7,9919390458,,2018-11-07,2027-11-07,ACTIVE,169,7641174.0
BBMP/560100/0056,Pharmaceuticals Royal Ltd,Ramesh Kumar,FACTORY,"245/7, Main Road, Bommanahalli, Bengaluru, 560100",Bommanahalli,73,560100,LCXAT5657J,29LCXAT5657J6ZF,9301126777,,2009-03-06,2027-03-06,ACTIVE,685,7194565.0
BBMP/560058/0058,Garments Indian Enterprises,Rajesh Kumar,FACTORY,"3rd Main, Yeshwanthpur, Bengaluru, 560058",Yeshwanthpur,101,560058,TEJPY0627N,29TEJPY0627N8ZO,,,2009-05-04,2027-05-04,CANCELLED,513,25339971.0
BBMP/560058/0059,Sunrise Pumps Private Limited,Anitha Reddy,FACTORY,"Cross Road, Rajajinagar Industrial Estate, Bengaluru, B'lore",Rajajinagar Industrial Estate,91,560058,LSEHO3083N,29LSEHO3083N1Z4,9536164913,,2008-06-26,2027-06-26,ACTIVE,377,28295489.0
BBMP/560100/0061,Karnataka Engg. Pvt. Ltd.,Ramesh Rao,PHARMA,"Industrial Road, Hosur Road, Bengaluru, 560100",Hosur Road,22,560100,RSOHJ8879U,,9340777602,,1994-12-14,2027-12-14,ACTIVE,129,43454376.0
BBMP/560100/0062,Balaji Rubber International,Suresh Nair,FACTORY,"408/8, 1st Cross, Bommanahalli, Bengaluru, 560100",Bommanahalli,42,560100,VBZFU0451Y,29VBZFU0451Y3Z8,9159499094,,1995-02-07,2027-02-07,SUSPENDED,132,46653212.0
BBMP/560100/0063,Bangalore Foods Co,Rajesh Sharma,FACTORY,"630/9, 1st Cross, Electronic City Phase 1, Bengaluru, B'lore",Electronic City Phase 1,64,560100,,,9735449477,,2007-02-10,2027-02-10,ACTIVE,599,41116989.0
BBMP/560100/0065,Royal Packaging Works,Ramesh Kumar,FOOD,"478/2, Factory Road, Electronic City Phase 2, Bengaluru, 560100",Electronic City Phase 2,138,560100,DBYCT4998S,29DBYCT4998S4ZA,9652681586,,1996-07-06,2027-07-06,ACTIVE,483,22232498.0
BBMP/560058/0066,Premier Packaging Industries,Anitha Reddy,FACTORY,"612/8, Ring Road, Rajajinagar Industrial Estate, Bengaluru, B'lore",Rajajinagar Industrial Estate,43,560058,WLWPX3400R,,,,1993-12-11,2027-12-11,ACTIVE,400,29527582.0
BBMP/560058/0067,Mahalaxmi Steel Enterprises,Anitha Nair,FOOD,"774/3, 2nd Cross, Yeshwanthpur, Bengaluru, 560058",Yeshwanthpur,177,560058,KBBAW3446Q,,9274485243,,2011-11-10,2027-11-10,ACTIVE,407,22900125.0
BBMP/560100/0068,KS Auto Parts Corporation,Suresh Rao,PRINTING,"2nd Cross, Electronic City Phase 2, Bengaluru, B'lore",Electronic City Phase 2,71,560100,HXWAU0497Y,29HXWAU0497Y4Z3,,,1991-02-21,2027-02-21,ACTIVE,541,11412198.0
BBMP/560058/0069,Engineering New Ltd,Priya Reddy,PRINTING,"2nd Cross, BEL Road, Bengaluru, 560058",BEL Road,143,560058,KUXCX7755V,29KUXCX7755V7ZK,9672440825,,1991-10-17,2027-10-17,ACTIVE,355,45821601.0
BBMP/560100/0070,Foods Global Ltd,Anitha Reddy,PRINTING,"231/5, 1st Cross, Neeladri Nagar, Bengaluru, B'lore",Neeladri Nagar,84,560100,RMMCR9721V,29RMMCR9721V7ZM,,,2007-02-20,2027-02-20,ACTIVE,302,27415774.0
BBMP/560100/0071,Karnataka Pumps Works,Anitha Rao,FACTORY,"1st Cross, Neeladri Nagar, Bengaluru, 560100",Neeladri Nagar,166,560100,GBXAH6047D,29GBXAH6047D3Z0,9536913550,,2007-03-10,2027-03-10,ACTIVE,673,18490459.0
BBMP/560100/0072,Srinivasa Garments International,Anitha Sharma,CHEMICAL,"Factory Road, Kudlu Gate, Bengaluru, 560100",Kudlu Gate,93,560100,KVYCB9349J,29KVYCB9349J1ZJ,9215213239,,1995-10-15,2027-10-15,ACTIVE,348,42366243.0
BBMP/560100/0073,Karnataka Motors Pvt Ltd,Rajesh Kumar,CHEMICAL,"664/5, Ring Road, Electronic City Phase 1, Bengaluru, 560100",Electronic City Phase 1,98,560100,TUOPY1664N,29TUOPY1664N2ZP,9298407302,,2011-03-07,2027-03-07,ACTIVE,148,31042775.0
BBMP/560100/0074,Pipes Premier Factory,Suresh Kumar,CHEMICAL,"2nd Cross, Electronic City Phase 2, Bengaluru, 560100",Electronic City Phase 2,42,560100,,,9429430802,,1990-07-15,2027-07-15,SUSPENDED,168,46169412.0
BBMP/560100/0077,Venkateshwara Cables Pvt. Ltd.,Suresh Sharma,FACTORY,"460/7, 3rd Main, Electronic City Phase 2, Bengaluru, 560100",Electronic City Phase 2,28,560100,DWDAR3198Y,,9823164961,,2016-11-22,2027-11-22,ACTIVE,741,26980367.0
BBMP/560100/0079,KS Electricals Co,Ramesh Sharma,FACTORY,"282/1, 1st Cross, Hosur Road, Bengaluru, 560100",Hosur Road,83,560100,WXQAN5036M,29WXQAN5036M6ZQ,9422002819,,2004-09-10,2027-09-10,ACTIVE,390,39354932.0
BBMP/560058/0080,Southern Garments Works,Suresh Rao,PHARMA,"543/3, Service Road, BEL Road, Bengaluru, B'lore",BEL Road,33,560058,FQXHL0712V,29FQXHL0712V1Z4,,,2016-04-04,2027-04-04,ACTIVE,606,13992767.0
BBMP/560058/0081,Southern Foods & Co,Anitha Sharma,FACTORY,"937/4, Ring Road, Peenya 2nd Stage, Bengaluru, 560058",Peenya 2nd Stage,107,560058,KGICJ3532Q,29KGICJ3532Q8Z6,9604111500,,1997-02-01,2027-02-01,ACTIVE,784,36212706.0
BBMP/560058/0082,Shree Chemicals Works,Anitha Reddy,FOOD,"Industrial Road, Rajajinagar Industrial Estate, Bengaluru, 560058",Rajajinagar Industrial Estate,53,560058,VMRAV3747X,29VMRAV3747X3ZM,9873430762,,2016-06-02,2027-06-02,CANCELLED,564,46083780.0
BBMP/560058/0083,Royal Textiles Traders,Ramesh Sharma,GARMENT,"70/3, Factory Road, Peenya 1st Stage, Bengaluru, 560058",Peenya 1st Stage,69,560058,,,9500721199,,1998-12-17,2027-12-17,ACTIVE,66,20865776.0
BBMP/560058/0084,Modern Metals Industries,Anitha Nair,FACTORY,"1st Cross, Yeshwanthpur, Bengaluru, 560058",Yeshwanthpur,173,560058,,,9562324458,,1991-11-16,2027-11-16,ACTIVE,188,41204143.0
BBMP/560100/0085,Janatha Steel Pvt.Ltd,Rajesh Rao,CHEMICAL,"Ring Road, Hosur Road, Bengaluru, B'lore",Hosur Road,92,560100,HVCCU7035B,,,,2013-06-09,2027-06-09,CANCELLED,665,14372622.0
BBMP/560100/0086,Fabrics Sri Co,Ramesh Reddy,CHEMICAL,"184/6, Main Road, Neeladri Nagar, Bengaluru, B'lore",Neeladri Nagar,160,560100,,,9254824511,,2007-08-27,2027-08-27,ACTIVE,775,40621740.0
BBMP/560100/0087,JSW Steel Group,Priya Sharma,FACTORY,"Cross Road, Kudlu Gate, Bengaluru, 560100",Kudlu Gate,29,560100,,,,,1998-10-22,2027-10-22,ACTIVE,353,24298984.0
BBMP/560100/0089,Fabrics Mahalaxmi Industries,Priya Nair,FACTORY,"2nd Cross, Hosur Road, Bengaluru, 560100",Hosur Road,25,560100,,,9562760731,,2009-04-22,2027-04-22,ACTIVE,464,46204293.0
BBMP/560100/0090,Shree Pharmaceuticals Traders,Rajesh Reddy,FACTORY,"927/4, Service Road, Bommanahalli, Bengaluru, B'lore",Bommanahalli,180,560100,REGCI4044P,29REGCI4044P6ZG,9771124810,,2014-02-08,2027-02-08,ACTIVE,512,42895485.0
BBMP/560100/0091,Motors Infosys Corporation,Priya Sharma,PRINTING,"441/3, 2nd Cross, Hosur Road, Bengaluru, 560100",Hosur Road,1,560100,YFIAM9264S,29YFIAM9264S6ZO,9943817764,,2011-09-02,2027-09-02,SUSPENDED,407,41101917.0
BBMP/560058/0092,Foods New Mfrs,Anitha Sharma,PHARMA,"Cross Road, Peenya 1st Stage, Bengaluru, B'lore",Peenya 1st Stage,44,560058,QGRCW4345S,29QGRCW4345S9ZQ,9949030118,,2008-05-20,2027-05-20,SUSPENDED,373,10852017.0
BBMP/560100/0093,Srinivasa Rubber Industries,Rajesh Reddy,FOOD,"109/1, 3rd Main, Electronic City Phase 2, Bengaluru, 560100",Electronic City Phase 2,29,560100,,,9901927335,,2015-02-28,2027-02-28,ACTIVE,536,7065535.0
BBMP/560058/0094,Shree Auto Parts Pvt Ltd,Suresh Reddy,FACTORY,"119/3, Cross Road, BEL Road, Bengaluru, 560058",BEL Road,131,560058,LFMHP0740B,29LFMHP0740B2Z1,9217427280,,2008-02-06,2027-02-06,ACTIVE,698,49666601.0
BBMP/560100/0095,Motors Bengaluru Traders,Anitha Rao,PHARMA,"406/1, 3rd Main, Electronic City Phase 1, Bengaluru, B'lore",Electronic City Phase 1,191,560100,LLACG2780D,,,,2001-03-19,2027-03-19,ACTIVE,473,22433952.0
BBMP/560100/0096,Mahalaxmi Packaging Enterprises,Anitha Sharma,PRINTING,"834/5, Industrial Road, Neeladri Nagar, Bengaluru, B'lore",Neeladri Nagar,161,560100,CDDAJ1313T,,9299451515,,2019-12-24,2027-12-24,ACTIVE,503,28021169.0
BBMP/560100/0097,Electronics Balaji Entp,Priya Sharma,CHEMICAL,"Main Road, Neeladri Nagar, Bengaluru, 560100",Neeladri Nagar,192,560100,DVZFQ6447O,29DVZFQ6447O2Z1,,,2018-04-23,2027-04-23,ACTIVE,38,42017734.0
BBMP/560058/0098,Mahalaxmi Chemicals Group,Ramesh Nair,PRINTING,"779/8, Main Road, Yeshwanthpur, Bengaluru, B'lore",Yeshwanthpur,162,560058,CVTFJ8028C,29CVTFJ8028C2ZF,9892005907,,2013-09-06,2027-09-06,ACTIVE,607,49460386.0
BBMP/560058/0099,Garments Janatha Factory,Priya Kumar,FACTORY,"612/9, 1st Cross, Yeshwanthpur, Bengaluru, 560058",Yeshwanthpur,140,560058,HGWHV8174B,29HGWHV8174B3Z8,9863854401,,2012-02-27,2027-02-27,ACTIVE,334,49944682.0
BBMP/560100/0100,Infosys Foundry Pvt Ltd,Anitha Sharma,FACTORY,"768/5, Service Road, Hosur Road, Bengaluru, B'lore",Hosur Road,71,560100,LMPHY8096W,,9561325766,,1995-09-22,2027-09-22,SUSPENDED,221,10930326.0
BBMP/560100/0101,Ceramics Indian Group,Rajesh Reddy,FACTORY,"642/8, Cross Road, Bommanahalli, Bengaluru, 560100",Bommanahalli,177,560100,,,9573827182,,1993-07-15,2027-07-15,ACTIVE,472,39347668.0
BBMP/560058/0102,Leather Lakshmi Entp,Rajesh Rao,CHEMICAL,"2nd Cross, Peenya Industrial Area, Bengaluru, 560058",Peenya Industrial Area,37,560058,,,9879524067,,2006-03-06,2027-03-06,CANCELLED,721,27016584.0
BBMP/560100/0104,Raghavendra Foundry Corporation,Rajesh Rao,PRINTING,"Cross Road, Bommanahalli, Bengaluru, B'lore",Bommanahalli,145,560100,JLUFH2056T,,9751682766,,2003-07-14,2027-07-14,ACTIVE,526,4700514.0
BBMP/560100/0106,Steel New Pvt Ltd,Priya Kumar,FACTORY,"Cross Road, Electronic City Phase 2, Bengaluru, B'lore",Electronic City Phase 2,9,560100,ZEICS6860W,,,,1999-08-24,2027-08-24,ACTIVE,123,27271565.0
BBMP/560058/0107,New Electricals & Co,Ramesh Kumar,GARMENT,"976/6, Ring Road, Peenya, Bengaluru, 560058",Peenya,49,560058,EDUHI7183N,29EDUHI7183N2ZG,,,1990-02-25,2027-02-25,SUSPENDED,83,21770622.0
BBMP/560058/0108,Royal Engg. International,Ramesh Reddy,CHEMICAL,"3/1, Service Road, Peenya, Bengaluru, 560058",Peenya,137,560058,GMJPE1908W,29GMJPE1908W7ZE,,,1997-12-10,2027-12-10,CANCELLED,742,28583774.0
BBMP/560058/0109,Lakshmi Foundry Corporation,Ramesh Sharma,FACTORY,"1st Cross, Peenya 1st Stage, Bengaluru, B'lore",Peenya 1st Stage,189,560058,JHUPX6454Y,29JHUPX6454Y9ZF,9540272920,,2008-08-14,2027-08-14,ACTIVE,29,39017799.0
BBMP/560058/0110,United Pipes & Co,Suresh Reddy,FACTORY,"Factory Road, Peenya Industrial Area, Bengaluru, B'lore",Peenya Industrial Area,76,560058,ZDHPB9857L,29ZDHPB9857L2Z6,9784205125,,2009-07-25,2027-07-25,SUSPENDED,408,6918149.0
BBMP/560100/0114,Paper Venkateshwara Traders,Rajesh Kumar,GARMENT,"Main Road, Hosur Road, Bengaluru, 560100",Hosur Road,106,560100,XHLCE0622N,29XHLCE0622N8Z3,9511259527,,2015-09-08,2027-09-08,ACTIVE,145,25897478.0
BBMP/560058/0115,Janatha Paints Enterprises,Priya Sharma,FACTORY,"353/9, Ring Road, Yeshwanthpur, Bengaluru, B'lore",Yeshwanthpur,13,560058,EIFHZ7095Y,29EIFHZ7095Y4ZA,9805302800,,2020-01-16,2027-01-16,ACTIVE,251,32129100.0
BBMP/560058/0117,New Electronics International,Priya Kumar,FACTORY,"Main Road, Peenya Industrial Area, Bengaluru, 560058",Peenya Industrial Area,161,560058,WYJAV3131F,,9287048690,,2010-07-18,2027-07-18,ACTIVE,729,27776933.0
BBMP/560058/0118,Pipes KS & Co,Rajesh Sharma,FACTORY,"747/1, Industrial Road, Peenya, Bengaluru, 560058",Peenya,142,560058,KZZAB1386U,29KZZAB1386U8Z9,9183544242,,2008-08-28,2027-08-28,ACTIVE,248,17802417.0
BBMP/560100/0119,Shree Chemicals Ltd,Anitha Reddy,PHARMA,"Cross Road, Kudlu Gate, Bengaluru, B'lore",Kudlu Gate,38,560100,BLKPF8435D,29BLKPF8435D4ZA,9958128631,,2005-01-02,2027-01-02,ACTIVE,39,8833455.0
BBMP/560100/0121,Mahalaxmi Textiles Ltd,Anitha Nair,FACTORY,"1st Cross, Kudlu Gate, Bengaluru, 560100",Kudlu Gate,128,560100,UMXHI0518L,,,,2000-10-13,2027-10-13,ACTIVE,481,4418282.0
BBMP/560058/0122,Packaging Raghavendra Group,Rajesh Rao,FACTORY,"Factory Road, Peenya 1st Stage, Bengaluru, 560058",Peenya 1st Stage,80,560058,KNWAP5223W,,,,2016-11-12,2027-11-12,ACTIVE,590,33096743.0
BBMP/560058/0123,Garments Balaji Traders,Ramesh Rao,FACTORY,"207/3, 3rd Main, Peenya 2nd Stage, Bengaluru, 560058",Peenya 2nd Stage,95,560058,ISUHC3332O,29ISUHC3332O1ZX,9545004139,,1995-06-28,2027-06-28,ACTIVE,158,12272739.0
BBMP/560058/0124,United Printing International,Ramesh Rao,CHEMICAL,"1st Cross, BEL Road, Bengaluru, 560058",BEL Road,12,560058,AHDFT6438W,,9499905152,,2012-03-06,2027-03-06,ACTIVE,25,2850065.0
BBMP/560058/0125,Pipes KS Mfg,Ramesh Rao,FOOD,"3rd Main, Rajajinagar Industrial Estate, Bengaluru, 560058",Rajajinagar Industrial Estate,27,560058,XKMCQ8851J,29XKMCQ8851J7Z8,9710607239,,2010-09-24,2027-09-24,CANCELLED,34,15590180.0
BBMP/560100/0126,Bangalore Packaging Corporation,Rajesh Kumar,FACTORY,"3rd Main, Neeladri Nagar, Bengaluru, 560100",Neeladri Nagar,5,560100,JPECP5318X,29JPECP5318X2ZI,9153312407,,2019-06-03,2027-06-03,SUSPENDED,171,17033692.0
BBMP/560100/0128,Engineering Raghavendra Mfrs,Suresh Reddy,CHEMICAL,"1st Cross, Electronic City Phase 2, Bengaluru, 560100",Electronic City Phase 2,189,560100,RYQHG1788Z,,9874471936,,1994-08-19,2027-08-19,CANCELLED,31,34731682.0
BBMP/560058/0129,Star Paints Ltd,Priya Sharma,FACTORY,"2nd Cross, Peenya 2nd Stage, Bengaluru, 560058",Peenya 2nd Stage,1,560058,ECDAI7599K,29ECDAI7599K4ZM,9429730298,,2020-06-10,2027-06-10,ACTIVE,435,32997887.0
BBMP/560100/0131,Balaji Rubber Traders,Ramesh Rao,FACTORY,"3rd Main, Hosur Road, Bengaluru, 560100",Hosur Road,89,560100,NSYPK7500X,,9469742752,,2017-03-22,2027-03-22,ACTIVE,324,2585205.0
BBMP/560058/0133,New Engineering Traders,Anitha Rao,GARMENT,"561/5, Cross Road, BEL Road, Bengaluru, B'lore",BEL Road,187,560058,FRACN6626E,29FRACN6626E2ZW,,,2018-08-26,2027-08-26,ACTIVE,121,2084713.0
BBMP/560058/0134,New Metals Limited,Priya Nair,FACTORY,"509/4, Service Road, Peenya Industrial Area, Bengaluru, B'lore",Peenya Industrial Area,56,560058,IARFD8610Q,,9791851361,,2000-12-26,2027-12-26,ACTIVE,241,18628971.0
BBMP/560100/0135,Ceramics Janatha Entp,Anitha Sharma,FACTORY,"Cross Road, Kudlu Gate, Bengaluru, 560100",Kudlu Gate,37,560100,,,9794924237,,2017-10-21,2027-10-21,ACTIVE,179,35800635.0
BBMP/560100/0136,Mahalaxmi Steel Traders,Ramesh Kumar,FOOD,"707/8, 3rd Main, Electronic City Phase 2, Bengaluru, 560100",Electronic City Phase 2,69,560100,CSBCF1945O,,,,2019-04-22,2027-04-22,SUSPENDED,631,33972859.0
BBMP/560100/0137,Indian Metals Manufacturers,Anitha Sharma,FACTORY,"1st Cross, Bommanahalli, Bengaluru, B'lore",Bommanahalli,88,560100,,,9924127682,,1992-01-06,2027-01-06,ACTIVE,766,36082898.0
BBMP/560058/0138,Raghavendra Pipes Ltd,Suresh Sharma,FACTORY,"3rd Main, Rajajinagar Industrial Estate, Bengaluru, 560058",Rajajinagar Industrial Estate,198,560058,BQEAP8804H,29BQEAP8804H5Z3,9691090113,,2020-12-16,2027-12-16,ACTIVE,663,14356973.0
BBMP/560058/0139,Mphasis Plastics Pvt Ltd,Priya Rao,PHARMA,"106/7, Main Road, Peenya 2nd Stage, Bengaluru, B'lore",Peenya 2nd Stage,144,560058,OVUAT6856O,29OVUAT6856O6Z3,9587972689,,2021-05-19,2027-05-19,SUSPENDED,344,49888699.0
BBMP/560058/0140,Packaging JSW Corporation,Ramesh Kumar,GARMENT,"Service Road, Yeshwanthpur, Bengaluru, 560058",Yeshwanthpur,15,560058,,,9250806165,,2008-08-28,2027-08-28,SUSPENDED,739,24830800.0
BBMP/560100/0141,Mphasis Pumps Group,Ramesh Sharma,FACTORY,"111/7, 2nd Cross, Kudlu Gate, Bengaluru, B'lore",Kudlu Gate,158,560100,,,9821706730,,2002-09-21,2027-09-21,ACTIVE,607,5283895.0
BBMP/560058/0144,Raghavendra Chemicals Private Limited,Anitha Nair,CHEMICAL,"1st Cross, Peenya 2nd Stage, Bengaluru, B'lore",Peenya 2nd Stage,30,560058,,,9761541819,,1993-04-23,2027-04-23,ACTIVE,696,1963367.0
BBMP/560100/0145,Southern Steel Traders,Priya Sharma,GARMENT,"2nd Cross, Kudlu Gate, Bengaluru, 560100",Kudlu Gate,15,560100,,,9766323040,,2016-07-22,2027-07-22,ACTIVE,458,28443864.0
BBMP/560058/0147,Plastics Balaji Factory,Priya Reddy,GARMENT,"1st Cross, Peenya 1st Stage, Bengaluru, 560058",Peenya 1st Stage,78,560058,NYNHZ5450H,,9334553833,,1993-10-18,2027-10-18,ACTIVE,775,4758917.0
BBMP/560058/0148,Mphasis Beverages International,Priya Rao,FACTORY,"2nd Cross, Peenya Industrial Area, Bengaluru, 560058",Peenya Industrial Area,77,560058,SANAY3840U,,,,2005-11-17,2027-11-17,ACTIVE,176,13284104.0
BBMP/560058/0149,Peoples Engg. Ltd,Ramesh Reddy,FACTORY,"765/3, Cross Road, Peenya 2nd Stage, Bengaluru, 560058",Peenya 2nd Stage,67,560058,,,9193974854,,2017-04-06,2027-04-06,SUSPENDED,80,49372538.0
BBMP/560100/0150,Foundry Infosys Co,Priya Rao,FACTORY,"18/7, 2nd Cross, Hosur Road, Bengaluru, 560100",Hosur Road,74,560100,ASBAX5709D,29ASBAX5709D5Z5,9569951184,,2015-05-05,2027-05-05,SUSPENDED,395,32435975.0
BBMP/560100/0153,Packaging Peoples Private Limited,Suresh Reddy,CHEMICAL,"457/6, Ring Road, Hosur Road, Bengaluru, 560100",Hosur Road,39,560100,OEPFI8152U,,9120004122,,2011-01-27,2027-01-27,CANCELLED,524,29189233.0
BBMP/560100/0154,Steel Titan Ltd,Rajesh Reddy,FOOD,"514/9, Ring Road, Electronic City Phase 1, Bengaluru, 560100",Electronic City Phase 1,119,560100,,,9111372730,,2008-07-11,2027-07-11,ACTIVE,683,39801357.0
BBMP/560100/0156,Leather Sri Enterprises,Priya Reddy,GARMENT,"649/5, Service Road, Kudlu Gate, Bengaluru, B'lore",Kudlu Gate,189,560100,POJHM3685M,29POJHM3685M4ZX,9977501292,,1996-10-15,2027-10-15,SUSPENDED,358,30642392.0
BBMP/560058/0157,Lakshmi Furniture Co,Rajesh Kumar,FACTORY,"192/3, Industrial Road, Peenya, Bengaluru, B'lore",Peenya,181,560058,RKIPD4421N,,9715776454,,2007-04-21,2027-04-21,CANCELLED,611,12128716.0
BBMP/560058/0158,Rubber Infosys Factory,Rajesh Sharma,FACTORY,"1st Cross, Peenya 2nd Stage, Bengaluru, 560058",Peenya 2nd Stage,119,560058,ZWEAN6781V,29ZWEAN6781V3ZL,9734147620,,1991-11-03,2027-11-03,ACTIVE,75,23111870.0
BBMP/560100/0159,Sunrise Engineering Private Limited,Rajesh Sharma,FOOD,"899/9, Main Road, Neeladri Nagar, Bengaluru, B'lore",Neeladri Nagar,164,560100,CRXPR8876Q,29CRXPR8876Q1ZX,,,2020-05-06,2027-05-06,ACTIVE,498,18368594.0
BBMP/560058/0160,Chemicals Balaji Manufacturers,Anitha Kumar,FACTORY,"291/9, Cross Road, Peenya 1st Stage, Bengaluru, B'lore",Peenya 1st Stage,113,560058,ATACQ1066K,29ATACQ1066K2Z9,9728536453,,2004-08-24,2027-08-24,ACTIVE,264,22604896.0
BBMP/560100/0161,Wipro Printing Group,Rajesh Reddy,FACTORY,"573/9, 2nd Cross, Electronic City Phase 1, Bengaluru, B'lore",Electronic City Phase 1,19,560100,PUKHE8674W,29PUKHE8674W2ZD,,,2020-09-22,2027-09-22,ACTIVE,351,41714361.0
BBMP/560058/0163,Leather Bengaluru Industries,Anitha Nair,FACTORY,"1st Cross, Peenya Industrial Area, Bengaluru, 560058",Peenya Industrial Area,148,560058,KFAFW0028S,29KFAFW0028S5ZE,9308869838,,2000-10-12,2027-10-12,CANCELLED,470,7713598.0
BBMP/560100/0164,Janatha Furniture Limited,Rajesh Nair,FACTORY,"990/7, Ring Road, Kudlu Gate, Bengaluru, B'lore",Kudlu Gate,68,560100,TYLCO8842M,29TYLCO8842M4ZE,9479134231,,2006-02-26,2027-02-26,ACTIVE,533,41756400.0
BBMP/560100/0165,Electronics Modern Manufacturers,Anitha Sharma,FACTORY,"916/5, Factory Road, Electronic City Phase 2, Bengaluru, B'lore",Electronic City Phase 2,110,560100,MFTCI2226E,29MFTCI2226E2Z5,,,2010-06-10,2027-06-10,ACTIVE,509,39481302.0
BBMP/560100/0166,Chemicals United Manufacturers,Priya Nair,PRINTING,"408/4, 1st Cross, Neeladri Nagar, Bengaluru, B'lore",Neeladri Nagar,195,560100,BUMCR0387O,29BUMCR0387O9ZT,,,2001-11-17,2027-11-17,ACTIVE,17,26816313.0
BBMP/560058/0167,Beverages Bangalore Limited,Anitha Rao,FACTORY,"2nd Cross, Yeshwanthpur, Bengaluru, B'lore",Yeshwanthpur,93,560058,KTJCM2115H,29KTJCM2115H5ZF,9508970423,,2020-01-15,2027-01-15,SUSPENDED,205,22773042.0
BBMP/560100/0168,Indian Valves Co,Rajesh Nair,FOOD,"257/9, 1st Cross, Hosur Road, Bengaluru, 560100",Hosur Road,42,560100,KRBPI4643L,29KRBPI4643L9ZG,9542124908,,2010-11-22,2027-11-22,ACTIVE,129,31120184.0
BBMP/560058/0169,Plastics Titan Co,Rajesh Rao,CHEMICAL,"Ring Road, BEL Road, Bengaluru, B'lore",BEL Road,22,560058,MYWHU8365C,,9436598800,,2022-10-20,2027-10-20,ACTIVE,329,4320000.0
BBMP/560100/0170,National Foundry Traders,Suresh Kumar,PRINTING,"Main Road, Electronic City Phase 1, Bengaluru, 560100",Electronic City Phase 1,97,560100,FKCPP5037C,,9190528528,,2000-09-12,2027-09-12,ACTIVE,675,43898675.0
BBMP/560058/0171,National Pumps Private Limited,Priya Rao,FOOD,"2nd Cross, Peenya Industrial Area, Bengaluru, 560058",Peenya Industrial Area,13,560058,ZOHFO1955O,29ZOHFO1955O7ZX,9673146349,,1991-04-19,2027-04-19,ACTIVE,322,35005614.0
BBMP/560100/0172,Balaji Pharmaceuticals Industries,Ramesh Sharma,CHEMICAL,"353/5, Industrial Road, Neeladri Nagar, Bengaluru, 560100",Neeladri Nagar,190,560100,RMTPJ0422A,29RMTPJ0422A4ZQ,,,1990-03-22,2027-03-22,ACTIVE,260,21086481.0
BBMP/560058/0175,Raghavendra Foods Manufacturers,Anitha Rao,FACTORY,"1st Cross, Peenya 2nd Stage, Bengaluru, 560058",Peenya 2nd Stage,100,560058,TODPP6188G,29TODPP6188G4ZR,9279701810,,2014-11-24,2027-11-24,ACTIVE,287,34998969.0
BBMP/560100/0176,Balaji Packaging Group,Rajesh Rao,PRINTING,"Industrial Road, Electronic City Phase 1, Bengaluru, 560100",Electronic City Phase 1,151,560100,YZQHB3151P,,9792183346,,1995-11-13,2027-11-13,ACTIVE,779,26824710.0
BBMP/560058/0177,Garments Indian Manufacturers,Priya Sharma,CHEMICAL,"556/8, 1st Cross, Yeshwanthpur, Bengaluru, B'lore",Yeshwanthpur,119,560058,OIMCT9501J,29OIMCT9501J9ZN,9933135507,,2018-09-03,2027-09-03,ACTIVE,658,44652666.0
BBMP/560100/0178,Raghavendra Printing Corporation,Anitha Sharma,FACTORY,"700/8, Service Road, Electronic City Phase 1, Bengaluru, 560100",Electronic City Phase 1,12,560100,PIQCD0609F,,9206035856,,2014-05-28,2027-05-28,ACTIVE,37,26736427.0
BBMP/560100/0179,Sunrise Paints Pvt Ltd,Suresh Kumar,FACTORY,"Ring Road, Electronic City Phase 1, Bengaluru, B'lore",Electronic City Phase 1,11,560100,JTXPL7065X,,9331820924,,1990-09-13,2027-09-13,ACTIVE,536,35129188.0
BBMP/560058/0180,Srinivasa Electronics Works,Ramesh Sharma,PRINTING,"785/6, Cross Road, Peenya 2nd Stage, Bengaluru, B'lore",Peenya 2nd Stage,28,560058,WEEFM5655L,29WEEFM5655L9ZK,9920536715,,2016-04-28,2027-04-28,SUSPENDED,653,16720214.0
BBMP/560100/0181,Mphasis Foundry Traders,Anitha Reddy,FACTORY,"Main Road, Kudlu Gate, Bengaluru, 560100",Kudlu Gate,89,560100,AZFHK0862R,29AZFHK0862R3Z6,9481882460,,1990-11-09,2027-11-09,CANCELLED,164,10051854.0
BBMP/560058/0182,Star Plastics Group,Rajesh Nair,FACTORY,"846/2, Ring Road, Peenya, Bengaluru, B'lore",Peenya,110,560058,AVJHY0738N,29AVJHY0738N2ZE,9746716453,,2020-11-15,2027-11-15,ACTIVE,16,41395480.0
BBMP/560058/0184,Pipes Sunrise Works,Priya Nair,FACTORY,"Cross Road, Peenya, Bengaluru, 560058",Peenya,15,560058,CRLAL1367F,29CRLAL1367F8Z9,9978505410,,2005-12-21,2027-12-21,SUSPENDED,244,40900563.0
BBMP/560058/0187,Titan Ceramics Enterprises,Suresh Reddy,GARMENT,"1st Cross, Peenya 2nd Stage, Bengaluru, B'lore",Peenya 2nd Stage,157,560058,QWXPA9923M,29QWXPA9923M2ZO,9827991473,,2012-07-05,2027-07-05,ACTIVE,632,22727592.0
BBMP/560100/0188,Foundry JSW Works,Rajesh Reddy,PRINTING,"595/9, Industrial Road, Electronic City Phase 1, Bengaluru, 560100",Electronic City Phase 1,99,560100,WISCQ9497U,29WISCQ9497U3ZK,9672263097,,1998-01-08,2027-01-08,ACTIVE,741,31985065.0
BBMP/560100/0189,Foundry KS & Co,Suresh Rao,FACTORY,"110/3, Factory Road, Electronic City Phase 1, Bengaluru, B'lore",Electronic City Phase 1,40,560100,QPPAT2636P,,9864524716,,2007-11-19,2027-11-19,SUSPENDED,670,7465574.0
BBMP/560058/0190,Royal Textiles International,Rajesh Reddy,FACTORY,"761/4, Factory Road, BEL Road, Bengaluru, B'lore",BEL Road,7,560058,EYLPT4342M,,9897218787,,2007-01-24,2027-01-24,ACTIVE,590,8843823.0
BBMP/560100/0191,Garments Peoples International,Ramesh Nair,PHARMA,"406/1, Service Road, Neeladri Nagar, Bengaluru, B'lore",Neeladri Nagar,177,560100,TZEAO3384N,,9991091361,,2005-04-15,2027-04-15,ACTIVE,666,30316227.0
BBMP/560058/0192,Plastics Wipro Manufacturers,Ramesh Reddy,FACTORY,"605/4, Ring Road, Peenya, Bengaluru, 560058",Peenya,64,560058,GRXPZ1707U,29GRXPZ1707U9ZO,,,1991-05-03,2027-05-03,ACTIVE,168,12049367.0
BBMP/560058/0193,Electricals United Private Limited,Suresh Kumar,FOOD,"317/8, 1st Cross, BEL Road, Bengaluru, 560058",BEL Road,12,560058,DDFCT7044Z,,,,1993-06-21,2027-06-21,CANCELLED,607,20882734.0
BBMP/560100/0194,Srinivasa Printing Corporation,Anitha Nair,PRINTING,"152/1, Industrial Road, Bommanahalli, Bengaluru, B'lore",Bommanahalli,175,560100,DAPPT2904F,,,,2003-01-18,2027-01-18,ACTIVE,713,5317564.0
BBMP/560100/0195,Cables Lakshmi Limited,Suresh Reddy,GARMENT,"840/2, 3rd Main, Electronic City Phase 2, Bengaluru, B'lore",Electronic City Phase 2,157,560100,BMDAI3422B,,9667952106,,2010-08-12,2027-08-12,ACTIVE,94,24797393.0
BBMP/560100/0197,Mahalaxmi Ceramics Ent,Anitha Kumar,GARMENT,"Main Road, Hosur Road, Bengaluru, B'lore",Hosur Road,17,560100,XMMHB6468R,29XMMHB6468R8ZQ,9996687959,,2011-04-08,2027-04-08,SUSPENDED,538,7332667.0
BBMP/560100/0198,Lakshmi Electricals Limited,Priya Rao,FACTORY,"3rd Main, Electronic City Phase 2, Bengaluru, B'lore",Electronic City Phase 2,144,560100,PEDAZ7730N,,9585230723,,1991-05-05,2027-05-05,ACTIVE,314,14923840.0
BBMP/560100/0199,Motors Shree Manufacturers,Priya Kumar,FACTORY,"349/8, Factory Road, Electronic City Phase 1, Bengaluru, 560100",Electronic City Phase 1,177,560100,IIUAD8961X,,,,2022-04-09,2027-04-09,CANCELLED,123,40922954.0
BBMP/560058/0200,National Cables Co,Ramesh Kumar,FACTORY,"655/4, 1st Cross, Peenya Industrial Area, Bengaluru, 560058",Peenya Industrial Area,81,560058,HNUCV1120T,,,,2009-11-27,2027-11-27,ACTIVE,331,19638435.0
BBMP/560100/0201,Mphasis Garments Private Limited,Anitha Nair,FACTORY,"Main Road, Hosur Road, Bengaluru, 560100",Hosur Road,171,560100,,,9292181526,,1991-07-11,2027-07-11,ACTIVE,726,44196603.0
BBMP/560100/0202,Peoples Foods & Co,Ramesh Reddy,FACTORY,"96/8, Industrial Road, Hosur Road, Bengaluru, 560100",Hosur Road,70,560100,,,,,1995-04-02,2027-04-02,ACTIVE,732,29722007.0
BBMP/560100/0204,JSW Printing Co,Ramesh Kumar,FACTORY,"473/7, Service Road, Electronic City Phase 2, Bengaluru, 560100",Electronic City Phase 2,6,560100,QOZCM0264N,29QOZCM0264N6ZY,9285849093,,1994-04-12,2027-04-12,ACTIVE,683,13717170.0
BBMP/560100/0205,Pumps Mahalaxmi Manufacturers,Rajesh Reddy,FACTORY,"72/2, 3rd Main, Electronic City Phase 2, Bengaluru, 560100",Electronic City Phase 2,115,560100,UJMAV0215Y,29UJMAV0215Y1Z9,9586377578,,2001-01-06,2027-01-06,ACTIVE,549,45169783.0
BBMP/560100/0206,Ceramics Janatha Limited,Suresh Nair,PRINTING,"2nd Cross, Kudlu Gate, Bengaluru, 560100",Kudlu Gate,54,560100,KDHAL9905L,,9133484360,,2017-01-17,2027-01-17,ACTIVE,245,6836079.0
BBMP/560100/0207,Ceramics Karnataka Private Limited,Ramesh Kumar,FACTORY,"569/7, Factory Road, Electronic City Phase 1, Bengaluru, 560100",Electronic City Phase 1,182,560100,VEZHV1061P,29VEZHV1061P3Z5,9965373223,,2020-05-23,2027-05-23,ACTIVE,430,1067591.0
BBMP/560100/0208,Printing Wipro Corporation,Rajesh Nair,FACTORY,"2nd Cross, Hosur Road, Bengaluru, B'lore",Hosur Road,60,560100,PWGPQ2950B,29PWGPQ2950B6Z7,9841415799,,2018-02-08,2027-02-08,ACTIVE,86,7583501.0
BBMP/560100/0209,Furniture Lakshmi International,Priya Sharma,FACTORY,"646/2, Ring Road, Electronic City Phase 1, Bengaluru, 560100",Electronic City Phase 1,181,560100,UIBAK5049S,29UIBAK5049S7ZM,9416343609,,1995-04-09,2027-04-09,ACTIVE,301,16121619.0
BBMP/560100/0210,Auto Srinivasa Parts Factory,Rajesh Rao,GARMENT,"Main Road, Neeladri Nagar, Bengaluru, B'lore",Neeladri Nagar,56,560100,AMDAC8212I,,9287490184,,2000-03-01,2027-03-01,ACTIVE,610,48481832.0
BBMP/560058/0211,Motors Venkateshwara Works,Anitha Sharma,PHARMA,"991/3, Cross Road, Rajajinagar Industrial Estate, Bengaluru, B'lore",Rajajinagar Industrial Estate,6,560058,VTKCM2462X,29VTKCM2462X1ZG,,,1992-11-22,2027-11-22,SUSPENDED,176,17359532.0
BBMP/560100/0212,Bangalore Electricals Works,Priya Kumar,PHARMA,"1st Cross, Bommanahalli, Bengaluru, 560100",Bommanahalli,177,560100,ZRBHR6949I,29ZRBHR6949I5Z6,9727255103,,2017-08-05,2027-08-05,ACTIVE,405,10716632.0
BBMP/560058/0214,Srinivasa Engg & Co,Priya Kumar,PRINTING,"385/3, Industrial Road, Peenya Industrial Area, Bengaluru, 560058",Peenya Industrial Area,81,560058,GMYCU4976V,,9179453743,,1997-08-06,2027-08-06,ACTIVE,288,29108008.0
BBMP/560100/0216,Shree Auto Parts Private Limited,Suresh Reddy,PHARMA,"3rd Main, Bommanahalli, Bengaluru, B'lore",Bommanahalli,30,560100,ONYFP4478C,29ONYFP4478C1ZO,9937335963,,1990-01-27,2027-01-27,CANCELLED,498,40978594.0
BBMP/560058/0217,Modern Valves Enterprises,Suresh Nair,FACTORY,"Ring Road, Peenya 1st Stage, Bengaluru, 560058",Peenya 1st Stage,68,560058,OZRCJ6863C,29OZRCJ6863C8ZC,9307331729,,1995-12-20,2027-12-20,ACTIVE,30,39691875.0
BBMP/560100/0218,Sri Plastics Indus,Priya Reddy,GARMENT,"416/2, Main Road, Kudlu Gate, Bengaluru, 560100",Kudlu Gate,62,560100,LRWAE7207P,,9796629113,,2011-05-14,2027-05-14,CANCELLED,138,8807884.0
BBMP/560058/0219,Lakshmi Pumps Corporation,Ramesh Reddy,PRINTING,"Ring Road, Peenya Industrial Area, Bengaluru, 560058",Peenya Industrial Area,121,560058,,,9462219407,,1996-11-21,2027-11-21,SUSPENDED,760,22570560.0
BBMP/560100/0221,Karnataka Electricals Co,Priya Sharma,FOOD,"422/4, Ring Road, Neeladri Nagar, Bengaluru, 560100",Neeladri Nagar,187,560100,RPSAT9673A,29RPSAT9673A4Z7,9764561301,,2007-12-04,2027-12-04,ACTIVE,375,6822150.0
BBMP/560100/0224,Plastics Royal Ltd,Anitha Reddy,FOOD,"Industrial Road, Neeladri Nagar, Bengaluru, 560100",Neeladri Nagar,151,560100,WCWAP8244A,29WCWAP8244A4ZF,9722197986,,2008-11-16,2027-11-16,CANCELLED,232,46123261.0
BBMP/560058/0225,Star Cables Works,Rajesh Nair,PHARMA,"Service Road, BEL Road, Bengaluru, 560058",BEL Road,98,560058,LGOPA6423H,29LGOPA6423H2Z1,9427315813,,1992-01-20,2027-01-20,ACTIVE,170,22196676.0
BBMP/560058/0227,New Fabrics Works,Priya Sharma,FACTORY,"2nd Cross, Peenya, Bengaluru, 560058",Peenya,143,560058,,,9907751428,,2003-09-22,2027-09-22,ACTIVE,599,4362227.0
BBMP/560058/0229,Global Electricals Corporation,Suresh Reddy,FOOD,"301/7, Main Road, Yeshwanthpur, Bengaluru, B'lore",Yeshwanthpur,147,560058,YMKAX6208H,29YMKAX6208H9ZL,,,2003-12-12,2027-12-12,ACTIVE,676,20735941.0
BBMP/560100/0230,KS Paper P Limited,Priya Kumar,PHARMA,"233/8, 1st Cross, Electronic City Phase 1, Bengaluru, B'lore",Electronic City Phase 1,103,560100,UBJHO9615F,,,,2009-09-18,2027-09-18,ACTIVE,329,15615205.0
BBMP/560100/0231,Foundry Titan Works,Ramesh Sharma,FOOD,"1st Cross, Neeladri Nagar, Bengaluru, 560100",Neeladri Nagar,89,560100,TYYFE0793W,29TYYFE0793W5Z9,,,2000-01-28,2027-01-28,ACTIVE,351,21212868.0
BBMP/560100/0232,Infosys Rubber Corporation,Rajesh Sharma,GARMENT,"2nd Cross, Hosur Road, Bengaluru, 560100",Hosur Road,114,560100,,,9726454737,,2004-02-04,2027-02-04,ACTIVE,544,41647020.0
BBMP/560100/0235,Shree Motors Inds,Ramesh Kumar,FACTORY,"979/8, 1st Cross, Electronic City Phase 2, Bengaluru, 560100",Electronic City Phase 2,26,560100,,,,,1999-09-20,2027-09-20,ACTIVE,432,35661168.0
BBMP/560100/0236,Pipes Sunrise Enterprises,Suresh Nair,FACTORY,"890/5, 3rd Main, Neeladri Nagar, Bengaluru, 560100",Neeladri Nagar,160,560100,ZVJFX5810K,29ZVJFX5810K3ZM,,,2020-08-12,2027-08-12,ACTIVE,374,13289833.0
BBMP/560058/0240,Premier Fabrics Private Limited,Priya Reddy,FACTORY,"Factory Road, Yeshwanthpur, Bengaluru, 560058",Yeshwanthpur,72,560058,XNZCD9984W,29XNZCD9984W8Z6,9480987586,,1990-01-28,2027-01-28,ACTIVE,393,5375713.0
BBMP/560100/0241,National Electricals Manufacturers,Rajesh Sharma,FACTORY,"571/1, 1st Cross, Kudlu Gate, Bengaluru, 560100",Kudlu Gate,188,560100,,,,,2013-12-25,2027-12-25,ACTIVE,295,25319134.0
BBMP/560100/0242,United Fabrics International,Suresh Nair,FACTORY,"2nd Cross, Kudlu Gate, Bengaluru, B'lore",Kudlu Gate,107,560100,RKNFV0145D,29RKNFV0145D3Z4,9313767380,,2020-08-03,2027-08-03,ACTIVE,351,43884503.0
BBMP/560100/0243,Royal Paints Group,Ramesh Kumar,CHEMICAL,"365/8, 3rd Main, Kudlu Gate, Bengaluru, 560100",Kudlu Gate,81,560100,ZNDFO1246E,,9173259976,,2007-06-08,2027-06-08,ACTIVE,515,39486730.0
BBMP/560058/0244,Raghavendra Cables Works,Priya Nair,FACTORY,"Ring Road, Peenya 1st Stage, Bengaluru, 560058",Peenya 1st Stage,144,560058,NOVFR5904D,29NOVFR5904D6ZO,9138634432,,2021-07-05,2027-07-05,ACTIVE,38,8877179.0
BBMP/560100/0245,Cables Global P Ltd,Anitha Nair,FACTORY,"702/9, Service Road, Kudlu Gate, Bengaluru, B'lore",Kudlu Gate,27,560100,OEBFI4963J,29OEBFI4963J1Z2,9493429840,,2021-09-27,2027-09-27,ACTIVE,362,7483427.0
BBMP/560100/0246,Titan Metals Enterprises,Suresh Reddy,FACTORY,"254/4, Factory Road, Kudlu Gate, Bengaluru, B'lore",Kudlu Gate,151,560100,CRWAD3034N,29CRWAD3034N7ZH,,,1993-05-27,2027-05-27,ACTIVE,607,36702801.0
BBMP/560100/0249,Srinivasa Foods Corporation,Priya Rao,FACTORY,"662/3, 1st Cross, Electronic City Phase 2, Bengaluru, 560100",Electronic City Phase 2,179,560100,GGDAA2845N,29GGDAA2845N1ZC,9246491273,,2016-06-18,2027-06-18,ACTIVE,34,26342039.0
BBMP/560100/0251,Paper Peoples & Co,Priya Sharma,FACTORY,"958/7, Factory Road, Kudlu Gate, Bengaluru, 560100",Kudlu Gate,70,560100,EZLPI8056D,29EZLPI8056D7ZU,9398214359,,2014-07-13,2027-07-13,ACTIVE,153,28571407.0
BBMP/560058/0252,Bangalore Printing Traders,Rajesh Kumar,FACTORY,"925/2, 2nd Cross, Peenya 2nd Stage, Bengaluru, 560058",Peenya 2nd Stage,183,560058,WKXCM9939Y,,9272042677,,2009-09-05,2027-09-05,CANCELLED,454,3275539.0
BBMP/560058/0254,Raghavendra Metals Group,Rajesh Sharma,PRINTING,"Ring Road, BEL Road, Bengaluru, 560058",BEL Road,80,560058,VUFAN3338S,,9794825515,,2010-05-16,2027-05-16,ACTIVE,631,29637481.0
BBMP/560058/0255,Rubber Infosys Traders,Suresh Reddy,GARMENT,"Cross Road, Peenya, Bengaluru, 560058",Peenya,70,560058,DSLAO8422Z,29DSLAO8422Z8ZO,,,2006-04-09,2027-04-09,SUSPENDED,619,29664672.0
BBMP/560058/0257,Modern Garments Industries,Anitha Kumar,FACTORY,"Ring Road, Peenya, Bengaluru, 560058",Peenya,61,560058,SVAAQ6333R,,,,2011-07-02,2027-07-02,ACTIVE,520,47035574.0
BBMP/560100/0258,JSW Garments Private Limited,Suresh Kumar,FACTORY,"949/7, 2nd Cross, Electronic City Phase 2, Bengaluru, 560100",Electronic City Phase 2,51,560100,PTGHK4174E,29PTGHK4174E8Z3,,,2021-08-23,2027-08-23,ACTIVE,240,35899818.0
BBMP/560100/0259,Mphasis Packaging & Co,Ramesh Nair,GARMENT,"116/3, Ring Road, Hosur Road, Bengaluru, B'lore",Hosur Road,134,560100,,,9405067716,,2021-03-03,2027-03-03,ACTIVE,189,42813570.0
BBMP/560100/0261,Star Pipes International,Anitha Kumar,FACTORY,"Main Road, Electronic City Phase 1, Bengaluru, B'lore",Electronic City Phase 1,89,560100,TOPPC3198C,,9517151813,,1998-01-01,2027-01-01,ACTIVE,417,4432134.0
BBMP/560100/0262,Balaji Packaging Co,Priya Nair,PRINTING,"Service Road, Electronic City Phase 2, Bengaluru, 560100",Electronic City Phase 2,184,560100,MOKFY4316C,,,,1996-08-11,2027-08-11,ACTIVE,697,25743414.0
BBMP/560058/0264,Paints Indian Limited,Ramesh Reddy,FACTORY,"Ring Road, Yeshwanthpur, Bengaluru, 560058",Yeshwanthpur,13,560058,IXVHG1768D,,9114285707,,2010-01-18,2027-01-18,ACTIVE,180,24820688.0
BBMP/560100/0265,Sunrise Pumps Factory,Priya Kumar,CHEMICAL,"3rd Main, Kudlu Gate, Bengaluru, 560100",Kudlu Gate,5,560100,,,,,2013-01-12,2027-01-12,SUSPENDED,119,17846357.0
BBMP/560058/0266,Leather Peoples Corporation,Priya Sharma,FACTORY,"1st Cross, Peenya Industrial Area, Bengaluru, B'lore",Peenya Industrial Area,72,560058,,,9225046707,,2002-04-05,2027-04-05,CANCELLED,175,28475361.0
BBMP/560058/0267,KS Paper Corporation,Anitha Sharma,FACTORY,"9/2, 2nd Cross, Peenya Industrial Area, Bengaluru, 560058",Peenya Industrial Area,69,560058,ZWTFT7903Q,,9120422206,,2015-08-21,2027-08-21,ACTIVE,437,23932563.0
BBMP/560058/0268,Leather Sunrise Enterp,Anitha Sharma,PHARMA,"3rd Main, Peenya 2nd Stage, Bengaluru, B'lore",Peenya 2nd Stage,113,560058,MLNCS9368V,29MLNCS9368V5ZO,,,2018-03-12,2027-03-12,ACTIVE,673,16322739.0
BBMP/560058/0270,Bangalore Electricals Corporation,Suresh Reddy,FACTORY,"Cross Road, Yeshwanthpur, Bengaluru, 560058",Yeshwanthpur,67,560058,UZTFD7681R,,9776378019,,2022-02-16,2027-02-16,ACTIVE,125,11185192.0
BBMP/560100/0271,Leather Balaji Enterprises,Rajesh Reddy,FACTORY,"869/4, Cross Road, Electronic City Phase 1, Bengaluru, B'lore",Electronic City Phase 1,81,560100,TAVFP3503Y,29TAVFP3503Y4Z9,9552820774,,2011-05-21,2027-05-21,ACTIVE,238,3563656.0
BBMP/560100/0272,Mphasis Electricals Group,Suresh Nair,GARMENT,"967/2, Service Road, Kudlu Gate, Bengaluru, B'lore",Kudlu Gate,149,560100,,,,,1990-06-12,2027-06-12,SUSPENDED,173,18624139.0
BBMP/560058/0273,KS Metals Traders,Suresh Nair,FACTORY,"932/6, 2nd Cross, Peenya 2nd Stage, Bengaluru, 560058",Peenya 2nd Stage,132,560058,,,9666712063,,2009-10-22,2027-10-22,ACTIVE,630,8329716.0
BBMP/560100/0274,Indian Motors Group,Rajesh Rao,FACTORY,"1st Cross, Electronic City Phase 1, Bengaluru, B'lore",Electronic City Phase 1,159,560100,STDFR2055Y,29STDFR2055Y1Z1,9736195900,,2015-06-08,2027-06-08,CANCELLED,269,10845363.0
BBMP/560100/0275,Titan Engineering Industries,Anitha Sharma,FACTORY,"1st Cross, Hosur Road, Bengaluru, 560100",Hosur Road,96,560100,UZOCU6822V,29UZOCU6822V3ZO,,,1997-10-02,2027-10-02,CANCELLED,112,20263579.0
BBMP/560100/0278,Mphasis Plastics Group,Suresh Rao,PRINTING,"Industrial Road, Hosur Road, Bengaluru, B'lore",Hosur Road,193,560100,TRDFX3764H,29TRDFX3764H6ZY,9819883588,,2014-01-07,2027-01-07,ACTIVE,458,27872981.0
BBMP/560100/0279,Srinivasa Engg. Co,Suresh Sharma,FACTORY,"Service Road, Electronic City Phase 1, Bengaluru, B'lore",Electronic City Phase 1,116,560100,EMXAD6592G,,9576987762,,1995-06-06,2027-06-06,ACTIVE,91,22814901.0
BBMP/560058/0280,Wipro Electronics Traders,Rajesh Sharma,FACTORY,"325/7, Service Road, Peenya 1st Stage, Bengaluru, 560058",Peenya 1st Stage,39,560058,ZOHPF2034F,,,,1991-09-06,2027-09-06,ACTIVE,735,15647598.0
BBMP/560058/0281,Karnataka Beverages Group,Priya Kumar,GARMENT,"771/9, Service Road, BEL Road, Bengaluru, B'lore",BEL Road,117,560058,HIOPC4428I,29HIOPC4428I2ZF,9943117319,,2005-04-28,2027-04-28,SUSPENDED,133,30434204.0
BBMP/560058/0283,Bangalore Metals Ltd,Ramesh Sharma,FACTORY,"2nd Cross, Peenya 1st Stage, Bengaluru, 560058",Peenya 1st Stage,165,560058,HRIFG4506U,29HRIFG4506U8Z0,,,2022-05-08,2027-05-08,CANCELLED,428,22075540.0
BBMP/560058/0284,Shree Pumps Corporation,Suresh Nair,FACTORY,"362/7, Cross Road, Peenya 2nd Stage, Bengaluru, 560058",Peenya 2nd Stage,184,560058,KVVHA1310X,,,,2018-07-23,2027-07-23,SUSPENDED,371,48189570.0
BBMP/560058/0286,Balaji Chemicals International,Rajesh Rao,FACTORY,"1st Cross, Yeshwanthpur, Bengaluru, 560058",Yeshwanthpur,164,560058,PRWAA9690K,29PRWAA9690K7ZH,,,2004-05-11,2027-05-11,ACTIVE,482,16673959.0
BBMP/560058/0288,Sunrise Foundry Group,Suresh Kumar,PRINTING,"Ring Road, Peenya 2nd Stage, Bengaluru, 560058",Peenya 2nd Stage,147,560058,,,,,1996-07-05,2027-07-05,ACTIVE,391,26879472.0
BBMP/560100/0289,Rubber KS Co,Rajesh Nair,GARMENT,"694/1, Cross Road, Bommanahalli, Bengaluru, 560100",Bommanahalli,197,560100,WKQHN2560M,29WKQHN2560M7Z6,,,2017-01-01,2027-01-01,ACTIVE,31,28236757.0
BBMP/560058/0290,Janatha Pumps Ltd,Priya Rao,PRINTING,"Service Road, Peenya 2nd Stage, Bengaluru, B'lore",Peenya 2nd Stage,11,560058,LGUAB1556L,,,,1998-04-21,2027-04-21,ACTIVE,622,44091812.0
BBMP/560058/0291,National Pumps Corporation,Ramesh Sharma,FACTORY,"201/4, 2nd Cross, BEL Road, Bengaluru, B'lore",BEL Road,153,560058,UIRCW6468S,29UIRCW6468S5ZQ,9212579573,,1993-11-03,2027-11-03,ACTIVE,470,42890021.0
BBMP/560058/0292,Sunrise Foods Ltd,Suresh Reddy,PHARMA,"2nd Cross, Peenya 2nd Stage, Bengaluru, 560058",Peenya 2nd Stage,192,560058,VAACL0121S,,9312412969,,2020-05-07,2027-05-07,SUSPENDED,295,37111668.0
BBMP/560058/0293,Chemicals Peoples International,Priya Nair,FOOD,"389/2, Industrial Road, Peenya Industrial Area, Bengaluru, 560058",Peenya Industrial Area,29,560058,HGVCV1576N,29HGVCV1576N2Z7,9240439719,,1996-07-27,2027-07-27,ACTIVE,199,27441953.0
BBMP/560058/0294,Royal Rubber Factory,Rajesh Rao,GARMENT,"Service Road, Peenya 1st Stage, Bengaluru, 560058",Peenya 1st Stage,116,560058,QHDPQ9820P,29QHDPQ9820P2ZA,9906710856,,2002-02-21,2027-02-21,ACTIVE,665,5216392.0
BBMP/560100/0295,Chemicals Global Factory,Priya Kumar,PHARMA,"213/4, Main Road, Kudlu Gate, Bengaluru, 560100",Kudlu Gate,129,560100,WKHFM5935E,29WKHFM5935E5ZS,9347151294,,2015-01-04,2027-01-04,ACTIVE,602,39031549.0
BBMP/560100/0296,Bangalore Steel Industries,Ramesh Kumar,FACTORY,"Factory Road, Hosur Road, Bengaluru, B'lore",Hosur Road,57,560100,HNOPC7900B,29HNOPC7900B6ZC,,,2001-02-11,2027-02-11,SUSPENDED,314,17997542.0
BBMP/560100/0297,Royal Pharmaceuticals Limited,Ramesh Reddy,GARMENT,"842/1, 3rd Main, Hosur Road, Bengaluru, 560100",Hosur Road,113,560100,ZYWAH2745Z,29ZYWAH2745Z8ZT,9192208503,,2012-10-19,2027-10-19,ACTIVE,325,18127057.0
BBMP/560058/0298,Balaji Paper Corporation,Ramesh Reddy,FACTORY,"Main Road, Rajajinagar Industrial Estate, Bengaluru, B'lore",Rajajinagar Industrial Estate,185,560058,LTTFW5307E,,,,1998-01-04,2027-01-04,ACTIVE,649,27801084.0
BBMP/560058/0299,Infosys Foods Mfg,Priya Sharma,FACTORY,"Ring Road, Rajajinagar Industrial Estate, Bengaluru, B'lore",Rajajinagar Industrial Estate,62,560058,,,9693679128,,1996-11-08,2027-11-08,CANCELLED,186,18387732.0
BBMP/560058/0301,Star Pharmaceuticals Traders,Ramesh Kumar,FACTORY,"602/4, 1st Cross, Peenya, Bengaluru, B'lore",Peenya,103,560058,HADFC8623S,29HADFC8623S8ZT,9891659872,,2020-05-02,2027-05-02,ACTIVE,98,26364476.0
BBMP/560100/0302,Premier Metals Mfr,Suresh Kumar,FACTORY,"3rd Main, Electronic City Phase 1, Bengaluru, 560100",Electronic City Phase 1,7,560100,KYGPF2629W,29KYGPF2629W4ZV,9918041802,,2017-09-25,2027-09-25,ACTIVE,571,28765434.0
BBMP/560100/0303,Peoples Steel Private Limited,Rajesh Kumar,FACTORY,"Ring Road, Kudlu Gate, Bengaluru, 560100",Kudlu Gate,166,560100,KACCE3740R,,9399726314,,1991-07-15,2027-07-15,ACTIVE,170,6236409.0
BBMP/560058/0304,Mphasis Foods Co,Ramesh Sharma,CHEMICAL,"915/9, Main Road, Yeshwanthpur, Bengaluru, B'lore",Yeshwanthpur,79,560058,VVQPW6164T,,,,2001-12-10,2027-12-10,ACTIVE,260,42009020.0
BBMP/560058/0305,JSW Fabrics International,Ramesh Nair,FACTORY,"46/7, Industrial Road, Peenya Industrial Area, Bengaluru, 560058",Peenya Industrial Area,191,560058,IQQHR3421K,,9439560357,,2000-08-15,2027-08-15,ACTIVE,17,22677563.0
BBMP/560100/0306,Wipro Textiles Ltd,Ramesh Rao,CHEMICAL,"Service Road, Kudlu Gate, Bengaluru, B'lore",Kudlu Gate,33,560100,PZSPV9711Y,29PZSPV9711Y6ZU,,,1996-05-02,2027-05-02,ACTIVE,628,48224803.0
BBMP/560100/0308,Karnataka Beverages Traders,Rajesh Nair,FACTORY,"623/7, Factory Road, Neeladri Nagar, Bengaluru, 560100",Neeladri Nagar,167,560100,LAWCC9099E,,9992516620,,2005-02-24,2027-02-24,ACTIVE,214,37396858.0
BBMP/560058/0309,Southern Fabrics Enterprises,Suresh Reddy,CHEMICAL,"Ring Road, Peenya 2nd Stage, Bengaluru, 560058",Peenya 2nd Stage,150,560058,MKPCN7870M,,,,2002-03-12,2027-03-12,ACTIVE,571,33877442.0
BBMP/560100/0312,Pumps Southern Ltd,Priya Reddy,FACTORY,"834/3, 2nd Cross, Electronic City Phase 2, Bengaluru, 560100",Electronic City Phase 2,131,560100,YKICF8006Q,,,,1995-09-23,2027-09-23,ACTIVE,195,10905556.0
BBMP/560100/0314,Furniture Balaji Traders,Ramesh Reddy,PHARMA,"699/6, 2nd Cross, Hosur Road, Bengaluru, 560100",Hosur Road,131,560100,YRJCB9880W,,9669758914,,2017-04-14,2027-04-14,ACTIVE,291,21607808.0
BBMP/560100/0316,KS Engineering Co,Rajesh Kumar,PHARMA,"175/2, Factory Road, Kudlu Gate, Bengaluru, 560100",Kudlu Gate,169,560100,,,9272051317,,2005-12-19,2027-12-19,ACTIVE,339,5578777.0
BBMP/560100/0319,Mphasis Cables Group,Rajesh Rao,FACTORY,"718/1, Factory Road, Kudlu Gate, Bengaluru, 560100",Kudlu Gate,52,560100,WSHCV9103N,,9666768643,,2003-03-04,2027-03-04,SUSPENDED,749,22247623.0
BBMP/560100/0320,Peoples Pipes Traders,Suresh Reddy,PHARMA,"Ring Road, Neeladri Nagar, Bengaluru, B'lore",Neeladri Nagar,108,560100,TASCS1783N,,9608820219,,1998-03-12,2027-03-12,SUSPENDED,188,21891835.0
