consumer_no,consumer_name,service_address,pin_code,connection_type,sanctioned_load_kw,connected_load_kw,tariff_category,pan,gstin,connection_date,connection_status,meter_no,mobile
ESCOM/560100/000002,Mphasis Paper Limited,"3rd Main, Electronic City Phase 1, Bengaluru, 560100",560100,INDUSTRIAL,443.3,382.0,LT-2,CJJHL6875M,,1990-12-08,ACTIVE,M71034962,
ESCOM/560100/000003,United Beverages Corporation,"1st Cross, Hosur Road, Bengaluru, B'lore",560100,INDUSTRIAL,32.7,24.7,LT-6,FGYHU0652O,29FGYHU0652O9ZE,1996-02-15,ACTIVE,M83388429,
ESCOM/560100/000005,United Textiles Co,"769/5, Service Road, Kudlu Gate, Bengaluru, 560100",560100,INDUSTRIAL,382.4,360.9,LT-1,CLLHX8251D,29CLLHX8251D5ZW,1997-07-13,SURRENDERED,M28423631,9264109919
ESCOM/560100/000006,Mahalaxmi Packaging International,"247/2, Main Road, Electronic City Phase 1, Bengaluru, B'lore",560100,INDUSTRIAL,268.7,182.2,LT-5,,,2009-08-20,DISCONNECTED,M88959251,9174316370
ESCOM/560100/000007,Southern Printing Group,"1st Cross, Kudlu Gate, Bengaluru, 560100",560100,INDUSTRIAL,40.1,34.5,LT-2,LGBAA5220U,,2002-01-24,DISCONNECTED,M35900945,9133729406
ESCOM/560100/000008,Janatha Auto Parts Group,"Cross Road, Electronic City Phase 1, Bengaluru, B'lore",560100,INDUSTRIAL,95.8,64.7,LT-5,MSRFU0438H,,2016-08-04,ACTIVE,M35545879,9250519597
ESCOM/560058/000009,Printing Srinivasa Corporation,"171/7, Factory Road, Peenya Industrial Area, Bengaluru, B'lore",560058,INDUSTRIAL,484.5,393.4,LT-4,WXECA9274N,29WXECA9274N9ZV,1990-11-05,SURRENDERED,M55892531,
ESCOM/560100/000010,Southern Valves Works,"83/3, Service Road, Bommanahalli, Bengaluru, B'lore",560100,INDUSTRIAL,64.3,41.1,LT-4,,,2000-07-19,ACTIVE,M34112555,
ESCOM/560100/000011,Furniture Premier Ent,"245/5, 2nd Cross, Electronic City Phase 1, Bengaluru, B'lore",560100,INDUSTRIAL,83.1,67.2,LT-1,LYYHA4990G,29LYYHA4990G3ZM,2006-08-01,ACTIVE,M11323743,
ESCOM/560058/000012,KS Ceramics Pvt Ltd,"Cross Road, Rajajinagar Industrial Estate, Bengaluru, 560058",560058,COMMERCIAL,6.8,4.7,LT-6,HPSCG6852B,,1998-05-04,ACTIVE,M51294919,
ESCOM/560100/000013,Shree Engineering Pvt.Ltd,"855/6, Main Road, Neeladri Nagar, Bengaluru, 560100",560100,INDUSTRIAL,81.5,53.1,LT-5,LBJCZ9036V,,1999-03-26,ACTIVE,M67408949,
ESCOM/560100/000014,Venkateshwara Pipes International,"274/3, Factory Road, Hosur Road, Bengaluru, 560100",560100,INDUSTRIAL,142.9,132.1,LT-4,JBMPG8437H,,2011-06-28,ACTIVE,M12450567,9527849588
ESCOM/560100/000016,Infosys Paints Limited,"681/7, 3rd Main, Electronic City Phase 1, Bengaluru, 560100",560100,INDUSTRIAL,89.0,81.7,LT-2,QHOCA3276K,29QHOCA3276K8ZD,1998-02-24,ACTIVE,M73285785,9952266893
ESCOM/560058/000017,Motors Bengaluru Ltd,"Main Road, Peenya Industrial Area, Bengaluru, 560058",560058,INDUSTRIAL,261.4,184.7,LT-5,LXOPW6426A,29LXOPW6426A2ZR,1999-10-11,ACTIVE,M83804452,9963406382
ESCOM/560100/000018,Sunrise Pumps & Co,"Service Road, Hosur Road, Bengaluru, 560100",560100,INDUSTRIAL,73.5,48.0,LT-6,LTVFI7562C,29LTVFI7562C4ZH,2022-07-23,ACTIVE,M60224106,9679984033
ESCOM/560100/000019,Sri Foods Corporation,"878/7, Main Road, Hosur Road, Bengaluru, 560100",560100,INDUSTRIAL,171.4,132.4,LT-2,HKXHN5778P,,2016-06-10,ACTIVE,M58405348,9131165166
ESCOM/560058/000020,Textiles Modern International,"Main Road, Yeshwanthpur, Bengaluru, 560058",560058,INDUSTRIAL,192.7,157.4,LT-2,,,2015-11-25,ACTIVE,M71876231,9153992714
ESCOM/560100/000021,Fabrics Peoples Mfrs,"54/6, Service Road, Kudlu Gate, Bengaluru, 560100",560100,INDUSTRIAL,384.6,358.4,LT-4,UQTPH1011V,,1991-04-04,ACTIVE,M99152237,9851044796
ESCOM/560100/000022,Textiles Premier International,"407/4, 3rd Main, Neeladri Nagar, Bengaluru, 560100",560100,INDUSTRIAL,55.4,44.7,LT-2,,,2009-09-28,ACTIVE,M54656527,
ESCOM/560058/000023,Modern Metals Co,"Service Road, Peenya Industrial Area, Bengaluru, B'lore",560058,INDUSTRIAL,219.6,169.4,LT-3,,,2013-07-25,DISCONNECTED,M93409529,
ESCOM/560100/000024,Janatha Printing Group,"846/5, 3rd Main, Hosur Road, Bengaluru, 560100",560100,INDUSTRIAL,173.5,124.1,LT-5,VCWCH7563P,29VCWCH7563P3ZV,2020-11-08,SURRENDERED,M56832065,9956665975
ESCOM/560058/000026,Pipes Karnataka Manufacturers,"612/5, Service Road, Peenya 2nd Stage, Bengaluru, 560058",560058,INDUSTRIAL,242.0,204.4,LT-4,HJHCW5295W,29HJHCW5295W8Z6,2007-02-21,ACTIVE,M55123620,
ESCOM/560058/000027,Auto Infosys Parts Pvt Ltd,"831/5, Industrial Road, Peenya, Bengaluru, B'lore",560058,INDUSTRIAL,211.0,141.1,LT-5,,,1993-06-24,ACTIVE,M38340450,9699226355
ESCOM/560100/000028,Pharmaceuticals Wipro Factory,"971/4, Cross Road, Neeladri Nagar, Bengaluru, 560100",560100,INDUSTRIAL,345.3,279.4,LT-4,REEHC1464B,,1993-01-07,ACTIVE,M43457347,9587512424
ESCOM/560058/000030,Premier Garments Group,"668/8, Service Road, BEL Road, Bengaluru, B'lore",560058,INDUSTRIAL,277.3,208.6,LT-4,ZLVCC4431F,29ZLVCC4431F8ZI,2001-05-07,ACTIVE,M64579662,9529982328
ESCOM/560058/000031,Mphasis Metals Ind,"2nd Cross, Yeshwanthpur, Bengaluru, 560058",560058,COMMERCIAL,278.4,260.4,LT-3,FOYPO8406Z,,2002-07-11,ACTIVE,M91103212,9691458887
ESCOM/560058/000032,Paints Global Limited,"426/8, 1st Cross, Peenya 2nd Stage, Bengaluru, 560058",560058,INDUSTRIAL,364.4,244.9,LT-2,LDECT5882Z,29LDECT5882Z6ZW,2022-03-01,ACTIVE,M88326827,9102754426
ESCOM/560100/000033,Packaging Global Ent,"891/4, 2nd Cross, Hosur Road, Bengaluru, B'lore",560100,INDUSTRIAL,169.3,114.9,LT-3,OGUCB3493V,29OGUCB3493V3ZV,2014-10-16,ACTIVE,M47099111,9639331014
ESCOM/560058/000034,Wipro Valves Co,"Ring Road, Peenya Industrial Area, Bengaluru, B'lore",560058,INDUSTRIAL,460.9,340.6,LT-5,QWWFR3377R,,1999-04-19,SURRENDERED,M76804338,9777703980
ESCOM/560058/000035,Venkateshwara Paints Limited,"816/1, 2nd Cross, Peenya Industrial Area, Bengaluru, 560058",560058,INDUSTRIAL,232.5,151.6,LT-5,LGKHV7108T,29LGKHV7108T8Z9,1991-09-25,ACTIVE,M10560569,
ESCOM/560058/000036,Titan Paper Limited,"1st Cross, Peenya 2nd Stage, Bengaluru, 560058",560058,INDUSTRIAL,389.0,303.2,LT-4,WCJFL5929V,29WCJFL5929V1Z3,2017-06-04,ACTIVE,M60056883,
ESCOM/560100/000039,Mahalaxmi Beverages International,"380/9, Ring Road, Hosur Road, Bengaluru, B'lore",560100,INDUSTRIAL,274.5,244.7,LT-5,XRVCT4903O,29XRVCT4903O4ZN,1998-03-06,DISCONNECTED,M72510077,9836243579
ESCOM/560100/000040,Foods Raghavendra Co,"250/3, 2nd Cross, Bommanahalli, Bengaluru, 560100",560100,INDUSTRIAL,129.1,86.7,LT-2,BTFCG8277T,,1991-11-26,ACTIVE,M68578100,
ESCOM/560058/000041,JSW Textiles Pvt Ltd,"760/7, Industrial Road, Peenya Industrial Area, Bengaluru, B'lore",560058,INDUSTRIAL,216.0,141.1,LT-5,MUNPD4267V,29MUNPD4267V8Z1,2006-07-17,ACTIVE,M27955119,9614302907
ESCOM/560100/000042,Balaji Fabrics Pvt Ltd,"Service Road, Neeladri Nagar, Bengaluru, B'lore",560100,INDUSTRIAL,172.8,144.8,LT-2,NLPAD7168R,29NLPAD7168R4ZR,2007-04-06,ACTIVE,M67014890,
ESCOM/560100/000043,Balaji Ceramics International,"Cross Road, Bommanahalli, Bengaluru, 560100",560100,INDUSTRIAL,406.8,324.4,LT-4,,,2020-02-20,DISCONNECTED,M61736393,9893276164
ESCOM/560100/000044,Pipes United Industries,"1st Cross, Neeladri Nagar, Bengaluru, 560100",560100,INDUSTRIAL,137.4,94.9,LT-3,EMWCL8375Z,29EMWCL8375Z9ZZ,2008-03-06,ACTIVE,M60686108,9806340901
ESCOM/560058/000045,United Electricals Factory,"Industrial Road, Peenya Industrial Area, Bengaluru, 560058",560058,INDUSTRIAL,229.6,140.7,LT-6,,,2015-04-07,ACTIVE,M75485012,
ESCOM/560058/000046,Electronics Balaji Group,"279/8, Cross Road, Peenya 2nd Stage, Bengaluru, 560058",560058,INDUSTRIAL,8.8,7.1,LT-4,PKFFQ1426P,29PKFFQ1426P5Z2,1993-02-18,ACTIVE,M31637697,9743520276
ESCOM/560100/000047,Shree Auto Parts & Co,"390/9, Industrial Road, Electronic City Phase 1, Bengaluru, B'lore",560100,COMMERCIAL,483.3,450.9,LT-1,ORJAM8009K,29ORJAM8009K7ZQ,2017-11-03,ACTIVE,M24813575,9534900128
ESCOM/560100/000048,Bengaluru Metals Factory,"Cross Road, Neeladri Nagar, Bengaluru, 560100",560100,INDUSTRIAL,303.2,193.9,LT-1,IENCD5173U,29IENCD5173U4Z6,2015-12-11,ACTIVE,M15577862,
ESCOM/560100/000050,Srinivasa Valves Corporation,"Service Road, Neeladri Nagar, Bengaluru, B'lore",560100,COMMERCIAL,127.6,114.9,LT-5,LVQPK6594Z,29LVQPK6594Z6Z5,1995-09-19,ACTIVE,M49179926,9285283722
ESCOM/560100/000051,Wipro Cables Enterp,"68/6, 2nd Cross, Kudlu Gate, Bengaluru, B'lore",560100,INDUSTRIAL,363.2,264.5,LT-3,,,1993-05-18,ACTIVE,M24785812,9405100495
ESCOM/560058/000052,Leather KS & Co,"318/9, Cross Road, Peenya, Bengaluru, 560058",560058,INDUSTRIAL,474.1,416.1,LT-6,VRVHX9906Q,29VRVHX9906Q6ZJ,2015-06-02,ACTIVE,M76693865,
ESCOM/560058/000053,Royal Printing Corporation,"898/3, 2nd Cross, Peenya 2nd Stage, Bengaluru, B'lore",560058,INDUSTRIAL,375.5,298.9,LT-1,EVUCZ9703X,,1992-03-19,ACTIVE,M44104421,
ESCOM/560058/000055,Packaging Indian International,"Main Road, BEL Road, Bengaluru, B'lore",560058,INDUSTRIAL,7.6,6.5,LT-5,ZJAFD8671J,29ZJAFD8671J8Z8,1991-04-01,ACTIVE,M93248140,
ESCOM/560100/000056,Royal Pharmaceuticals Ltd,"245/7, Main Road, Bommanahalli, Bengaluru, B'lore",560100,INDUSTRIAL,335.8,308.3,LT-3,LCXAT5657J,29LCXAT5657J6ZF,2009-11-02,ACTIVE,M22580784,9301126777
ESCOM/560058/000057,United Auto Parts Industries,"766/1, 1st Cross, Rajajinagar Industrial Estate, Bengaluru, B'lore",560058,INDUSTRIAL,406.7,314.4,LT-1,ITQPY5713K,29ITQPY5713K3ZT,2014-02-23,ACTIVE,M51581684,9778321204
ESCOM/560058/000058,Indian Garments Enterprises,"3rd Main, Yeshwanthpur, Bengaluru, B'lore",560058,INDUSTRIAL,347.6,243.0,LT-4,TEJPY0627N,29TEJPY0627N8ZO,2009-07-12,SURRENDERED,M27114145,9300593456
ESCOM/560058/000059,Pumps Sunrise P Limited,"82/6, Cross Road, Rajajinagar Industrial Estate, Bengaluru, 560058",560058,INDUSTRIAL,259.0,169.0,LT-3,LSEHO3083N,29LSEHO3083N1Z4,2008-12-07,ACTIVE,M90428606,9536164913
ESCOM/560100/000060,Fabrics Balaji Ltd,"3rd Main, Electronic City Phase 2, Bengaluru, 560100",560100,INDUSTRIAL,457.2,303.5,LT-2,YJTFS1332D,,2013-09-26,DISCONNECTED,M29935529,
ESCOM/560100/000061,Karnataka Engg. Pvt. Ltd.,"Industrial Road, Hosur Road, Bengaluru, B'lore",560100,INDUSTRIAL,492.6,321.4,LT-4,RSOHJ8879U,,1994-02-15,ACTIVE,M89222522,
ESCOM/560100/000062,Balaji Rubber International,"1st Cross, Bommanahalli, Bengaluru, 560100",560100,INDUSTRIAL,261.5,215.7,LT-6,VBZFU0451Y,29VBZFU0451Y3Z8,1995-06-09,DISCONNECTED,M28182834,
ESCOM/560100/000063,Bangalore Foods Co,"630/9, 1st Cross, Electronic City Phase 1, Bengaluru, B'lore",560100,INDUSTRIAL,81.3,73.3,LT-1,,,2007-10-17,ACTIVE,M83866570,9735449477
ESCOM/560058/000064,Leather Sri Group,"786/7, Factory Road, Peenya 2nd Stage, Bengaluru, 560058",560058,INDUSTRIAL,173.4,124.3,LT-1,MQHPJ4862C,29MQHPJ4862C3ZS,2006-08-05,ACTIVE,M20113777,9598690974
ESCOM/560058/000066,Premier Packaging Industries,"Ring Road, Rajajinagar Industrial Estate, Bengaluru, B'lore",560058,INDUSTRIAL,254.6,154.5,LT-5,WLWPX3400R,,1993-11-17,ACTIVE,M45565389,9178954113
ESCOM/560058/000067,Steel Mahalaxmi Entp,"2nd Cross, Yeshwanthpur, Bengaluru, B'lore",560058,INDUSTRIAL,495.4,449.6,LT-4,KBBAW3446Q,,2011-11-02,ACTIVE,M31796114,
ESCOM/560100/000068,Auto KS Parts Corporation,"690/2, 2nd Cross, Electronic City Phase 2, Bengaluru, 560100",560100,INDUSTRIAL,316.4,251.1,LT-4,HXWAU0497Y,29HXWAU0497Y4Z3,1991-05-04,ACTIVE,M28776181,9283085932
ESCOM/560058/000069,New Engg. Ltd,"2nd Cross, BEL Road, Bengaluru, B'lore",560058,INDUSTRIAL,275.4,233.6,LT-3,KUXCX7755V,29KUXCX7755V7ZK,1991-07-20,ACTIVE,M31396585,9672440825
ESCOM/560100/000071,Pumps Karnataka Works,"1st Cross, Neeladri Nagar, Bengaluru, B'lore",560100,INDUSTRIAL,467.8,421.4,LT-2,GBXAH6047D,29GBXAH6047D3Z0,2007-01-16,ACTIVE,M72227520,9536913550
ESCOM/560100/000072,Garments Srinivasa International,"548/1, Factory Road, Kudlu Gate, Bengaluru, 560100",560100,INDUSTRIAL,145.9,127.5,LT-2,KVYCB9349J,29KVYCB9349J1ZJ,1995-10-19,ACTIVE,M83438660,9215213239
ESCOM/560100/000074,Premier Pipes Factory,"2nd Cross, Electronic City Phase 2, Bengaluru, 560100",560100,INDUSTRIAL,205.7,160.0,LT-4,,,1990-09-17,DISCONNECTED,M23232997,
ESCOM/560100/000075,Sunrise Beverages Ltd,"Industrial Road, Hosur Road, Bengaluru, 560100",560100,INDUSTRIAL,451.9,385.0,LT-6,XTUAG7657Q,29XTUAG7657Q6Z4,1998-06-06,ACTIVE,M88688642,
ESCOM/560058/000076,Fabrics Global International,"Main Road, BEL Road, Bengaluru, 560058",560058,INDUSTRIAL,272.9,241.2,LT-1,OORFJ7387S,,2022-01-24,ACTIVE,M75391808,
ESCOM/560100/000077,Cables Venkateshwara Pvt Ltd,"3rd Main, Electronic City Phase 2, Bengaluru, 560100",560100,INDUSTRIAL,274.5,196.8,LT-3,DWDAR3198Y,,2016-07-11,ACTIVE,M51877993,
ESCOM/560100/000078,Southern Pipes Group,"3rd Main, Bommanahalli, Bengaluru, B'lore",560100,INDUSTRIAL,496.8,305.4,LT-1,CAPPW8204R,,1997-09-04,ACTIVE,M53440066,
ESCOM/560100/000079,KS Electricals Co,"1st Cross, Hosur Road, Bengaluru, B'lore",560100,INDUSTRIAL,96.0,89.9,LT-2,WXQAN5036M,29WXQAN5036M6ZQ,2004-08-08,ACTIVE,M21398992,9422002819
ESCOM/560058/000080,Southern Garments Works,"543/3, Service Road, BEL Road, Bengaluru, B'lore",560058,INDUSTRIAL,363.5,337.5,LT-3,FQXHL0712V,29FQXHL0712V1Z4,2016-02-22,ACTIVE,M51069244,
ESCOM/560058/000081,Southern Foods & Co,"937/4, Ring Road, Peenya 2nd Stage, Bengaluru, B'lore",560058,INDUSTRIAL,420.7,254.0,LT-3,KGICJ3532Q,29KGICJ3532Q8Z6,1997-08-25,ACTIVE,M29629278,
ESCOM/560058/000082,Shree Chemicals Works,"Industrial Road, Rajajinagar Industrial Estate, Bengaluru, 560058",560058,INDUSTRIAL,246.7,190.9,LT-3,VMRAV3747X,29VMRAV3747X3ZM,2016-05-22,SURRENDERED,M23940368,9873430762
ESCOM/560058/000083,Textiles Royal Traders,"Factory Road, Peenya 1st Stage, Bengaluru, 560058",560058,INDUSTRIAL,310.8,234.1,LT-3,,,1998-12-10,ACTIVE,M11316903,9500721199
ESCOM/560100/000085,Steel Janatha Pvt Ltd,"Ring Road, Hosur Road, Bengaluru, B'lore",560100,INDUSTRIAL,393.3,254.5,LT-2,HVCCU7035B,29HVCCU7035B3Z5,2013-09-17,SURRENDERED,M75166188,9565906941
ESCOM/560100/000086,Fabrics Sri Co,"Main Road, Neeladri Nagar, Bengaluru, 560100",560100,INDUSTRIAL,411.2,322.8,LT-2,,,2007-03-05,ACTIVE,M62417385,9254824511
ESCOM/560100/000087,Steel JSW Group,"513/6, Cross Road, Kudlu Gate, Bengaluru, 560100",560100,INDUSTRIAL,304.6,207.9,LT-5,,,1998-03-15,ACTIVE,M15268533,9181623972
ESCOM/560100/000088,Global Beverages Enterprises,"Industrial Road, Hosur Road, Bengaluru, B'lore",560100,INDUSTRIAL,358.0,300.2,LT-6,,,2014-05-13,ACTIVE,M18605530,9956905222
ESCOM/560100/000091,Infosys Motors Corporation,"2nd Cross, Hosur Road, Bengaluru, 560100",560100,INDUSTRIAL,185.7,172.7,LT-6,YFIAM9264S,29YFIAM9264S6ZO,2011-04-16,DISCONNECTED,M70025338,9943817764
ESCOM/560058/000092,Foods New Manufacturers,"Cross Road, Peenya 1st Stage, Bengaluru, 560058",560058,INDUSTRIAL,352.3,278.5,LT-1,QGRCW4345S,29QGRCW4345S9ZQ,2008-03-09,DISCONNECTED,M94620202,9949030118
ESCOM/560100/000093,Srinivasa Rubber Indus,"109/1, 3rd Main, Electronic City Phase 2, Bengaluru, 560100",560100,INDUSTRIAL,281.2,230.6,LT-3,,,2015-03-06,ACTIVE,M44096844,9901927335
ESCOM/560058/000094,Shree Auto Parts Pvt Ltd,"119/3, Cross Road, BEL Road, Bengaluru, B'lore",560058,INDUSTRIAL,401.0,300.2,LT-6,LFMHP0740B,29LFMHP0740B2Z1,2008-11-14,ACTIVE,M62504007,9217427280
ESCOM/560100/000095,Bengaluru Motors Traders,"3rd Main, Electronic City Phase 1, Bengaluru, 560100",560100,INDUSTRIAL,61.4,40.3,LT-5,LLACG2780D,29LLACG2780D9ZB,2001-06-20,ACTIVE,M34949351,
ESCOM/560100/000096,Packaging Mahalaxmi Entp,"834/5, Industrial Road, Neeladri Nagar, Bengaluru, 560100",560100,INDUSTRIAL,319.6,245.9,LT-4,CDDAJ1313T,,2019-10-09,ACTIVE,M76623117,9299451515
ESCOM/560100/000097,Balaji Electronics Enterprises,"887/6, Main Road, Neeladri Nagar, Bengaluru, B'lore",560100,COMMERCIAL,141.1,119.3,LT-5,DVZFQ6447O,29DVZFQ6447O2Z1,2018-08-10,ACTIVE,M55208990,
ESCOM/560058/000098,Chemicals Mahalaxmi Group,"779/8, Main Road, Yeshwanthpur, Bengaluru, 560058",560058,INDUSTRIAL,346.1,237.8,LT-2,CVTFJ8028C,29CVTFJ8028C2ZF,2013-09-01,ACTIVE,M17899249,9892005907
ESCOM/560058/000099,Janatha Garments Factory,"1st Cross, Yeshwanthpur, Bengaluru, B'lore",560058,INDUSTRIAL,415.1,269.5,LT-2,HGWHV8174B,29HGWHV8174B3Z8,2012-08-27,ACTIVE,M35357873,9863854401
ESCOM/560100/000100,Infosys Foundry Private Limited,"Service Road, Hosur Road, Bengaluru, 560100",560100,INDUSTRIAL,249.9,215.4,LT-1,LMPHY8096W,29LMPHY8096W2ZY,1995-07-22,DISCONNECTED,M34241116,9561325766
ESCOM/560100/000101,Indian Ceramics Group,"Cross Road, Bommanahalli, Bengaluru, 560100",560100,INDUSTRIAL,5.3,4.9,LT-4,,,1993-09-13,ACTIVE,M51959106,9573827182
ESCOM/560058/000103,Raghavendra Foundry Ind,"2nd Cross, Peenya 2nd Stage, Bengaluru, 560058",560058,COMMERCIAL,307.1,239.7,LT-6,SMFFC7138E,29SMFFC7138E3Z9,1990-03-21,ACTIVE,M56444838,9704829337
ESCOM/560100/000104,Foundry Raghavendra Corporation,"Cross Road, Bommanahalli, Bengaluru, B'lore",560100,INDUSTRIAL,98.4,90.0,LT-6,JLUFH2056T,29JLUFH2056T1ZJ,2003-02-24,ACTIVE,M92183928,
ESCOM/560058/000105,Infosys Engineering Ltd,"Cross Road, Peenya 2nd Stage, Bengaluru, B'lore",560058,INDUSTRIAL,24.7,16.4,LT-5,DWOHL5149C,,2021-04-05,ACTIVE,M44774103,9381519299
ESCOM/560100/000106,New Steel Pvt Ltd,"Cross Road, Electronic City Phase 2, Bengaluru, 560100",560100,INDUSTRIAL,229.4,213.2,LT-6,ZEICS6860W,29ZEICS6860W4Z3,1999-01-03,ACTIVE,M82475726,9566523205
ESCOM/560058/000108,Royal Engg. International,"Service Road, Peenya, Bengaluru, B'lore",560058,INDUSTRIAL,163.4,130.3,LT-6,GMJPE1908W,29GMJPE1908W7ZE,1997-09-17,SURRENDERED,M81004291,
ESCOM/560058/000109,Lakshmi Foundry Corporation,"336/2, 1st Cross, Peenya 1st Stage, Bengaluru, B'lore",560058,COMMERCIAL,120.3,80.7,LT-3,JHUPX6454Y,29JHUPX6454Y9ZF,2008-06-27,ACTIVE,M34454164,9540272920
ESCOM/560058/000110,United Pipes & Co,"543/4, Factory Road, Peenya Industrial Area, Bengaluru, B'lore",560058,INDUSTRIAL,42.0,39.8,LT-4,ZDHPB9857L,29ZDHPB9857L2Z6,2009-11-04,DISCONNECTED,M61101195,9784205125
ESCOM/560100/000111,Motors Southern Traders,"Ring Road, Electronic City Phase 2, Bengaluru, B'lore",560100,INDUSTRIAL,294.4,221.6,LT-6,,,2010-06-24,ACTIVE,M74738983,9937450959
ESCOM/560058/000112,Foundry KS Limited,"827/5, Industrial Road, Peenya Industrial Area, Bengaluru, 560058",560058,INDUSTRIAL,375.3,232.0,LT-2,BVIAC7930J,29BVIAC7930J3Z1,1997-12-07,SURRENDERED,M40748095,
ESCOM/560058/000113,Steel Peoples Enterp,"940/2, 1st Cross, Yeshwanthpur, Bengaluru, 560058",560058,INDUSTRIAL,405.6,262.7,LT-2,,,1995-06-28,DISCONNECTED,M92788872,9793623149
ESCOM/560100/000114,Venkateshwara Paper Traders,"392/7, Main Road, Hosur Road, Bengaluru, 560100",560100,INDUSTRIAL,212.5,191.5,LT-2,XHLCE0622N,29XHLCE0622N8Z3,2015-08-17,ACTIVE,M54535464,9511259527
ESCOM/560058/000115,Janatha Paints Ent,"Ring Road, Yeshwanthpur, Bengaluru, 560058",560058,INDUSTRIAL,136.9,96.0,LT-2,EIFHZ7095Y,29EIFHZ7095Y4ZA,2020-08-23,ACTIVE,M21440685,9805302800
ESCOM/560058/000116,United Motors Traders,"Industrial Road, Peenya 1st Stage, Bengaluru, B'lore",560058,INDUSTRIAL,302.8,243.2,LT-5,XASHS5519P,29XASHS5519P3ZV,2012-10-12,ACTIVE,M69615333,9160309911
ESCOM/560058/000117,New Electronics International,"152/3, Main Road, Peenya Industrial Area, Bengaluru, 560058",560058,INDUSTRIAL,484.5,296.9,LT-1,WYJAV3131F,29WYJAV3131F7ZV,2010-07-03,ACTIVE,M81001868,
ESCOM/560058/000118,KS Pipes & Co,"Industrial Road, Peenya, Bengaluru, 560058",560058,INDUSTRIAL,176.7,107.0,LT-6,KZZAB1386U,29KZZAB1386U8Z9,2008-01-08,ACTIVE,M67317462,
ESCOM/560100/000119,Shree Chemicals Ltd,"359/5, Cross Road, Kudlu Gate, Bengaluru, 560100",560100,COMMERCIAL,151.0,113.4,LT-1,BLKPF8435D,29BLKPF8435D4ZA,2005-05-16,ACTIVE,M27911649,9958128631
ESCOM/560058/000120,Fabrics Indian Enterprises,"Main Road, Peenya 2nd Stage, Bengaluru, 560058",560058,INDUSTRIAL,420.7,370.4,LT-6,ECFFG4595V,29ECFFG4595V4Z6,2020-11-05,ACTIVE,M61282957,9713933158
ESCOM/560100/000121,Mahalaxmi Textiles Ltd,"84/8, 1st Cross, Kudlu Gate, Bengaluru, B'lore",560100,INDUSTRIAL,135.4,87.9,LT-2,UMXHI0518L,,2000-09-19,ACTIVE,M96109122,9572167680
ESCOM/560058/000123,Balaji Garments Traders,"3rd Main, Peenya 2nd Stage, Bengaluru, 560058",560058,INDUSTRIAL,78.4,55.1,LT-2,ISUHC3332O,29ISUHC3332O1ZX,1995-04-22,ACTIVE,M54746788,
ESCOM/560058/000124,Printing United International,"1st Cross, BEL Road, Bengaluru, 560058",560058,COMMERCIAL,172.2,105.2,LT-1,AHDFT6438W,,2012-02-15,ACTIVE,M67599489,
ESCOM/560058/000125,Pipes KS Mfg,"3rd Main, Rajajinagar Industrial Estate, Bengaluru, 560058",560058,COMMERCIAL,91.0,63.6,LT-3,XKMCQ8851J,29XKMCQ8851J7Z8,2010-04-13,SURRENDERED,M92155635,
ESCOM/560100/000126,Packaging Bangalore Corporation,"3rd Main, Neeladri Nagar, Bengaluru, 560100",560100,INDUSTRIAL,427.6,263.1,LT-6,JPECP5318X,29JPECP5318X2ZI,2019-05-13,DISCONNECTED,M19280060,9153312407
ESCOM/560058/000127,Srinivasa Metals Works,"486/3, Main Road, Peenya 1st Stage, Bengaluru, 560058",560058,INDUSTRIAL,201.6,133.5,LT-4,UFPAJ7728L,29UFPAJ7728L4ZT,1991-12-16,ACTIVE,M57004257,9659030686
ESCOM/560100/000128,Engg Raghavendra Manufacturers,"656/6, 1st Cross, Electronic City Phase 2, Bengaluru, B'lore",560100,COMMERCIAL,329.4,247.4,LT-4,RYQHG1788Z,29RYQHG1788Z7ZK,1994-10-25,SURRENDERED,M21400975,
ESCOM/560058/000129,Star Paints Ltd,"520/5, 2nd Cross, Peenya 2nd Stage, Bengaluru, B'lore",560058,INDUSTRIAL,395.1,362.2,LT-5,ECDAI7599K,29ECDAI7599K4ZM,2020-03-10,ACTIVE,M42250248,
ESCOM/560058/000130,Indian Foods Works,"543/5, 3rd Main, Peenya 1st Stage, Bengaluru, B'lore",560058,INDUSTRIAL,319.1,242.1,LT-6,DFKCS8918F,29DFKCS8918F8ZL,1997-06-11,ACTIVE,M53585438,9289863614
ESCOM/560100/000131,Balaji Rubber Traders,"989/8, 3rd Main, Hosur Road, Bengaluru, 560100",560100,INDUSTRIAL,68.8,47.8,LT-5,NSYPK7500X,,2017-12-07,ACTIVE,M14343160,9469742752
ESCOM/560100/000132,Star Furniture Factory,"Industrial Road, Hosur Road, Bengaluru, 560100",560100,INDUSTRIAL,438.9,357.5,LT-5,EXVCA2717S,29EXVCA2717S2ZN,2011-03-22,ACTIVE,M53006197,9140118673
ESCOM/560058/000133,Engg. New Traders,"561/5, Cross Road, BEL Road, Bengaluru, B'lore",560058,INDUSTRIAL,393.5,291.4,LT-6,FRACN6626E,29FRACN6626E2ZW,2018-04-08,ACTIVE,M21445614,
ESCOM/560058/000134,New Metals Limited,"509/4, Service Road, Peenya Industrial Area, Bengaluru, 560058",560058,INDUSTRIAL,231.1,145.7,LT-2,IARFD8610Q,,2000-08-13,ACTIVE,M98733582,9791851361
ESCOM/560100/000135,Janatha Ceramics Enterp,"Cross Road, Kudlu Gate, Bengaluru, 560100",560100,INDUSTRIAL,167.7,126.4,LT-2,,,2017-10-23,ACTIVE,M78305741,
ESCOM/560100/000136,Mahalaxmi Steel Traders,"3rd Main, Electronic City Phase 2, Bengaluru, B'lore",560100,INDUSTRIAL,19.3,12.8,LT-3,CSBCF1945O,,2019-12-24,DISCONNECTED,M44062740,
ESCOM/560100/000137,Indian Metals Manufacturers,"1st Cross, Bommanahalli, Bengaluru, 560100",560100,INDUSTRIAL,290.4,229.3,LT-4,,,1992-11-25,ACTIVE,M45754789,
ESCOM/560058/000139,Mphasis Plastics P Ltd,"Main Road, Peenya 2nd Stage, Bengaluru, 560058",560058,INDUSTRIAL,282.3,208.0,LT-6,OVUAT6856O,29OVUAT6856O6Z3,2021-05-16,DISCONNECTED,M47607915,9587972689
ESCOM/560058/000140,JSW Packaging Corporation,"383/2, Service Road, Yeshwanthpur, Bengaluru, B'lore",560058,INDUSTRIAL,372.5,303.3,LT-4,,,2008-04-05,DISCONNECTED,M75664500,9250806165
ESCOM/560100/000141,Mphasis Pumps Group,"111/7, 2nd Cross, Kudlu Gate, Bengaluru, 560100",560100,INDUSTRIAL,66.0,58.4,LT-4,,,2002-01-26,ACTIVE,M58474575,9821706730
ESCOM/560100/000142,National Pipes Ind,"Ring Road, Neeladri Nagar, Bengaluru, B'lore",560100,INDUSTRIAL,229.2,181.3,LT-5,REVCD3685M,29REVCD3685M4ZH,2017-10-28,ACTIVE,M70908253,9468141835
ESCOM/560058/000144,Raghavendra Chemicals Private Limited,"1st Cross, Peenya 2nd Stage, Bengaluru, 560058",560058,INDUSTRIAL,371.0,346.2,LT-3,,,1993-03-20,ACTIVE,M30801219,
ESCOM/560100/000145,Southern Steel Traders,"990/9, 2nd Cross, Kudlu Gate, Bengaluru, 560100",560100,INDUSTRIAL,415.8,265.4,LT-1,,,2016-02-08,ACTIVE,M20081950,9766323040
ESCOM/560058/000146,Foundry KS Pvt. Ltd.,"753/9, Industrial Road, Peenya, Bengaluru, B'lore",560058,INDUSTRIAL,135.8,111.2,LT-3,,,1994-12-19,ACTIVE,M35143451,9399694490
ESCOM/560058/000147,Balaji Plastics Factory,"503/9, 1st Cross, Peenya 1st Stage, Bengaluru, 560058",560058,INDUSTRIAL,311.0,293.0,LT-2,NYNHZ5450H,29NYNHZ5450H6ZL,1993-12-04,ACTIVE,M38663233,9334553833
ESCOM/560058/000148,Beverages Mphasis International,"391/2, 2nd Cross, Peenya Industrial Area, Bengaluru, B'lore",560058,INDUSTRIAL,486.0,295.0,LT-5,SANAY3840U,,2005-11-12,ACTIVE,M11651728,9203032434
ESCOM/560058/000149,Engineering Peoples Ltd,"Cross Road, Peenya 2nd Stage, Bengaluru, 560058",560058,INDUSTRIAL,31.9,24.2,LT-5,,,2017-05-22,DISCONNECTED,M27356060,9193974854
ESCOM/560100/000150,Infosys Foundry Co,"2nd Cross, Hosur Road, Bengaluru, 560100",560100,INDUSTRIAL,200.6,131.4,LT-4,ASBAX5709D,29ASBAX5709D5Z5,2015-02-17,DISCONNECTED,M67880528,9569951184
ESCOM/560058/000152,Mphasis Leather Works,"Cross Road, Rajajinagar Industrial Estate, Bengaluru, 560058",560058,INDUSTRIAL,479.5,447.2,LT-1,MIDAU2201P,29MIDAU2201P5Z9,1994-10-22,ACTIVE,M46053498,9491371841
ESCOM/560100/000153,Packaging Peoples Private Limited,"Ring Road, Hosur Road, Bengaluru, B'lore",560100,INDUSTRIAL,317.7,195.7,LT-4,OEPFI8152U,,2011-05-26,SURRENDERED,M94172088,9120004122
ESCOM/560100/000154,Titan Steel Ltd,"514/9, Ring Road, Electronic City Phase 1, Bengaluru, B'lore",560100,INDUSTRIAL,123.2,108.3,LT-5,,,2008-02-16,ACTIVE,M60727761,9111372730
ESCOM/560058/000155,Venkateshwara Electronics Factory,"962/6, Ring Road, Peenya 2nd Stage, Bengaluru, 560058",560058,INDUSTRIAL,187.9,145.0,LT-6,,,1999-09-27,ACTIVE,M12529627,
ESCOM/560100/000156,Sri Leather Enterprises,"Service Road, Kudlu Gate, Bengaluru, B'lore",560100,INDUSTRIAL,246.0,229.2,LT-6,POJHM3685M,29POJHM3685M4ZX,1996-03-28,DISCONNECTED,M10388912,
ESCOM/560100/000159,Sunrise Engineering Private Limited,"899/9, Main Road, Neeladri Nagar, Bengaluru, B'lore",560100,INDUSTRIAL,395.8,293.1,LT-6,CRXPR8876Q,29CRXPR8876Q1ZX,2020-06-05,ACTIVE,M80235501,9961463274
ESCOM/560058/000160,Balaji Chemicals Manufacturers,"291/9, Cross Road, Peenya 1st Stage, Bengaluru, 560058",560058,INDUSTRIAL,134.3,119.2,LT-4,ATACQ1066K,29ATACQ1066K2Z9,2004-02-18,ACTIVE,M19550184,9728536453
ESCOM/560100/000161,Wipro Printing Group,"2nd Cross, Electronic City Phase 1, Bengaluru, 560100",560100,INDUSTRIAL,401.4,375.7,LT-1,PUKHE8674W,29PUKHE8674W2ZD,2020-08-28,ACTIVE,M84720583,
ESCOM/560058/000162,Peoples Electricals Mfg,"Cross Road, Peenya Industrial Area, Bengaluru, 560058",560058,INDUSTRIAL,146.6,94.2,LT-4,AJZAT6290Y,29AJZAT6290Y8ZS,2017-08-05,DISCONNECTED,M66190524,
ESCOM/560058/000163,Leather Bengaluru Inds,"799/7, 1st Cross, Peenya Industrial Area, Bengaluru, 560058",560058,INDUSTRIAL,465.2,341.2,LT-1,KFAFW0028S,29KFAFW0028S5ZE,2000-03-18,SURRENDERED,M57579444,
ESCOM/560100/000164,Janatha Furniture Limited,"Ring Road, Kudlu Gate, Bengaluru, B'lore",560100,INDUSTRIAL,270.1,223.4,LT-2,TYLCO8842M,29TYLCO8842M4ZE,2006-01-19,ACTIVE,M70615863,
ESCOM/560100/000165,Electronics Modern Mfrs,"916/5, Factory Road, Electronic City Phase 2, Bengaluru, B'lore",560100,INDUSTRIAL,308.8,283.2,LT-3,MFTCI2226E,29MFTCI2226E2Z5,2010-12-10,ACTIVE,M70533638,9812346179
ESCOM/560100/000168,Indian Valves Co,"257/9, 1st Cross, Hosur Road, Bengaluru, 560100",560100,INDUSTRIAL,178.8,115.4,LT-1,KRBPI4643L,29KRBPI4643L9ZG,2010-07-02,ACTIVE,M81696032,
ESCOM/560058/000169,Plastics Titan Co,"911/2, Ring Road, BEL Road, Bengaluru, 560058",560058,INDUSTRIAL,328.2,202.1,LT-3,MYWHU8365C,,2022-03-17,ACTIVE,M63827567,9436598800
ESCOM/560100/000170,Foundry National Traders,"129/4, Main Road, Electronic City Phase 1, Bengaluru, 560100",560100,INDUSTRIAL,466.1,293.0,LT-6,FKCPP5037C,,2000-03-03,ACTIVE,M82351576,
ESCOM/560058/000171,Pumps National Private Limited,"882/6, 2nd Cross, Peenya Industrial Area, Bengaluru, 560058",560058,INDUSTRIAL,454.9,314.0,LT-4,ZOHFO1955O,29ZOHFO1955O7ZX,1991-05-04,ACTIVE,M87664862,9673146349
ESCOM/560100/000172,Pharmaceuticals Balaji Indus,"353/5, Industrial Road, Neeladri Nagar, Bengaluru, 560100",560100,INDUSTRIAL,85.8,78.8,LT-4,RMTPJ0422A,29RMTPJ0422A4ZQ,1990-04-25,ACTIVE,M32400968,9523861817
ESCOM/560058/000173,Royal Motors International,"829/5, Service Road, Rajajinagar Industrial Estate, Bengaluru, B'lore",560058,INDUSTRIAL,144.6,115.4,LT-2,EHQPT4743E,,2007-02-26,SURRENDERED,M73558937,9299648970
ESCOM/560100/000174,JSW Metals Limited,"714/1, Ring Road, Electronic City Phase 2, Bengaluru, 560100",560100,INDUSTRIAL,487.6,367.1,LT-6,BUBCP1823A,,2021-01-27,ACTIVE,M86552534,9513173592
ESCOM/560058/000175,Raghavendra Foods Mfr,"959/6, 1st Cross, Peenya 2nd Stage, Bengaluru, 560058",560058,INDUSTRIAL,294.4,259.9,LT-4,TODPP6188G,29TODPP6188G4ZR,2014-03-23,ACTIVE,M39494808,9279701810
ESCOM/560100/000176,Balaji Packaging Group,"Industrial Road, Electronic City Phase 1, Bengaluru, B'lore",560100,INDUSTRIAL,176.9,117.0,LT-4,YZQHB3151P,,1995-08-22,ACTIVE,M27504336,9792183346
ESCOM/560058/000177,Indian Garments Mfr,"1st Cross, Yeshwanthpur, Bengaluru, 560058",560058,INDUSTRIAL,255.4,231.1,LT-1,OIMCT9501J,29OIMCT9501J9ZN,2018-07-03,ACTIVE,M75662529,
ESCOM/560100/000178,Raghavendra Printing Corporation,"700/8, Service Road, Electronic City Phase 1, Bengaluru, 560100",560100,COMMERCIAL,287.7,224.2,LT-5,PIQCD0609F,29PIQCD0609F4Z6,2014-02-19,ACTIVE,M51217745,9206035856
ESCOM/560100/000179,Sunrise Paints Pvt Ltd,"951/2, Ring Road, Electronic City Phase 1, Bengaluru, 560100",560100,INDUSTRIAL,53.1,47.1,LT-6,JTXPL7065X,,1990-01-22,ACTIVE,M64029443,
ESCOM/560058/000180,Srinivasa Electronics Works,"Cross Road, Peenya 2nd Stage, Bengaluru, B'lore",560058,INDUSTRIAL,218.1,173.3,LT-1,WEEFM5655L,29WEEFM5655L9ZK,2016-08-28,DISCONNECTED,M90968631,
ESCOM/560100/000181,Foundry Mphasis Traders,"292/1, Main Road, Kudlu Gate, Bengaluru, B'lore",560100,INDUSTRIAL,73.5,52.3,LT-2,AZFHK0862R,29AZFHK0862R3Z6,1990-10-24,SURRENDERED,M68393515,9481882460
ESCOM/560100/000183,New Beverages Private Limited,"3rd Main, Kudlu Gate, Bengaluru, 560100",560100,INDUSTRIAL,69.5,65.0,LT-1,NFHAM1347R,29NFHAM1347R2ZP,1993-09-01,ACTIVE,M31519934,9930888412
ESCOM/560058/000184,Sunrise Pipes Works,"273/7, Cross Road, Peenya, Bengaluru, 560058",560058,INDUSTRIAL,103.8,75.7,LT-4,CRLAL1367F,29CRLAL1367F8Z9,2005-02-10,DISCONNECTED,M46375789,9978505410
ESCOM/560058/000185,Sunrise Electricals Corporation,"2nd Cross, Peenya Industrial Area, Bengaluru, 560058",560058,INDUSTRIAL,26.5,16.3,LT-5,AFNFG5756E,29AFNFG5756E1ZO,2008-11-27,ACTIVE,M53984136,9812458132
ESCOM/560058/000186,Srinivasa Textiles Pvt. Ltd.,"1st Cross, Peenya 2nd Stage, Bengaluru, 560058",560058,INDUSTRIAL,463.5,393.5,LT-3,HWKPM5794T,29HWKPM5794T3ZC,2014-02-24,ACTIVE,M44802989,9591759000
ESCOM/560058/000187,Titan Ceramics Enterprises,"1st Cross, Peenya 2nd Stage, Bengaluru, 560058",560058,INDUSTRIAL,437.0,379.2,LT-1,QWXPA9923M,29QWXPA9923M2ZO,2012-11-17,ACTIVE,M76651211,
ESCOM/560100/000188,JSW Foundry Works,"595/9, Industrial Road, Electronic City Phase 1, Bengaluru, 560100",560100,INDUSTRIAL,63.6,43.4,LT-1,WISCQ9497U,29WISCQ9497U3ZK,1998-01-09,ACTIVE,M32825049,9672263097
ESCOM/560100/000189,Foundry KS & Co,"Factory Road, Electronic City Phase 1, Bengaluru, 560100",560100,INDUSTRIAL,190.1,121.2,LT-6,QPPAT2636P,,2007-10-03,DISCONNECTED,M86802260,9864524716
ESCOM/560058/000190,Royal Textiles International,"761/4, Factory Road, BEL Road, Bengaluru, B'lore",560058,INDUSTRIAL,298.9,196.8,LT-6,EYLPT4342M,29EYLPT4342M7ZK,2007-06-04,ACTIVE,M69250143,
ESCOM/560058/000192,Wipro Plastics Manufacturers,"605/4, Ring Road, Peenya, Bengaluru, B'lore",560058,INDUSTRIAL,192.4,115.8,LT-2,GRXPZ1707U,29GRXPZ1707U9ZO,1991-02-13,ACTIVE,M58807955,
ESCOM/560058/000193,United Electricals Private Limited,"317/8, 1st Cross, BEL Road, Bengaluru, B'lore",560058,INDUSTRIAL,331.4,207.7,LT-6,DDFCT7044Z,,1993-09-16,SURRENDERED,M78014069,9332866519
ESCOM/560100/000194,Srinivasa Printing Corporation,"Industrial Road, Bommanahalli, Bengaluru, B'lore",560100,INDUSTRIAL,351.4,333.0,LT-5,DAPPT2904F,,2003-12-10,ACTIVE,M69818730,9809662392
ESCOM/560100/000195,Cables Lakshmi Limited,"840/2, 3rd Main, Electronic City Phase 2, Bengaluru, 560100",560100,INDUSTRIAL,244.4,164.3,LT-2,BMDAI3422B,,2010-02-14,ACTIVE,M82195043,
ESCOM/560100/000196,National Paper Factory,"533/8, Ring Road, Electronic City Phase 1, Bengaluru, 560100",560100,INDUSTRIAL,404.0,282.9,LT-5,WGHCG0061G,29WGHCG0061G7ZQ,2012-06-04,SURRENDERED,M87542752,9475433873
ESCOM/560100/000197,Mahalaxmi Ceramics Enterprises,"Main Road, Hosur Road, Bengaluru, B'lore",560100,INDUSTRIAL,153.2,127.3,LT-1,XMMHB6468R,29XMMHB6468R8ZQ,2011-05-15,DISCONNECTED,M14694442,9996687959
ESCOM/560100/000199,Shree Motors Manufacturers,"349/8, Factory Road, Electronic City Phase 1, Bengaluru, 560100",560100,INDUSTRIAL,7.0,5.9,LT-1,IIUAD8961X,,2022-08-16,SURRENDERED,M65371659,9660863541
ESCOM/560058/000200,National Cables Co,"655/4, 1st Cross, Peenya Industrial Area, Bengaluru, B'lore",560058,INDUSTRIAL,139.2,105.2,LT-4,HNUCV1120T,29HNUCV1120T2ZD,2009-03-17,ACTIVE,M98631613,
ESCOM/560100/000201,Garments Mphasis P Limited,"Main Road, Hosur Road, Bengaluru, 560100",560100,INDUSTRIAL,300.1,186.7,LT-6,,,1991-06-24,ACTIVE,M89746530,9292181526
ESCOM/560100/000202,Peoples Foods & Co,"96/8, Industrial Road, Hosur Road, Bengaluru, 560100",560100,INDUSTRIAL,384.4,352.8,LT-6,,,1995-01-07,ACTIVE,M74670790,9791939208
ESCOM/560100/000203,Paints Venkateshwara International,"Ring Road, Electronic City Phase 2, Bengaluru, B'lore",560100,INDUSTRIAL,423.7,258.4,LT-2,,,2011-05-23,ACTIVE,M86928864,
ESCOM/560100/000204,Printing JSW Co,"Service Road, Electronic City Phase 2, Bengaluru, 560100",560100,INDUSTRIAL,336.5,211.3,LT-6,QOZCM0264N,29QOZCM0264N6ZY,1994-07-05,ACTIVE,M40475882,
ESCOM/560100/000205,Mahalaxmi Pumps Mfrs,"72/2, 3rd Main, Electronic City Phase 2, Bengaluru, 560100",560100,INDUSTRIAL,149.3,96.2,LT-6,UJMAV0215Y,29UJMAV0215Y1Z9,2001-02-09,ACTIVE,M78413768,9586377578
ESCOM/560100/000206,Ceramics Janatha Limited,"2nd Cross, Kudlu Gate, Bengaluru, 560100",560100,INDUSTRIAL,218.7,199.4,LT-5,KDHAL9905L,,2017-07-27,ACTIVE,M44749582,9133484360
ESCOM/560100/000207,Karnataka Ceramics Private Limited,"569/7, Factory Road, Electronic City Phase 1, Bengaluru, B'lore",560100,INDUSTRIAL,430.8,293.4,LT-1,VEZHV1061P,29VEZHV1061P3Z5,2020-03-28,ACTIVE,M87416152,9965373223
ESCOM/560100/000208,Wipro Printing Corporation,"2nd Cross, Hosur Road, Bengaluru, B'lore",560100,INDUSTRIAL,75.3,52.4,LT-5,PWGPQ2950B,29PWGPQ2950B6Z7,2018-09-25,ACTIVE,M22321857,9841415799
ESCOM/560100/000209,Lakshmi Furniture International,"646/2, Ring Road, Electronic City Phase 1, Bengaluru, 560100",560100,INDUSTRIAL,87.9,77.3,LT-2,UIBAK5049S,29UIBAK5049S7ZM,1995-11-20,ACTIVE,M85071911,9416343609
ESCOM/560100/000210,Auto Srinivasa Parts Factory,"673/5, Main Road, Neeladri Nagar, Bengaluru, 560100",560100,INDUSTRIAL,370.8,328.8,LT-1,AMDAC8212I,,2000-02-08,ACTIVE,M26077896,
ESCOM/560058/000211,Venkateshwara Motors Works,"991/3, Cross Road, Rajajinagar Industrial Estate, Bengaluru, 560058",560058,INDUSTRIAL,234.7,141.7,LT-3,VTKCM2462X,29VTKCM2462X1ZG,1992-06-07,DISCONNECTED,M13246034,
ESCOM/560100/000212,Bangalore Electricals Works,"1st Cross, Bommanahalli, Bengaluru, B'lore",560100,INDUSTRIAL,233.2,179.2,LT-6,ZRBHR6949I,29ZRBHR6949I5Z6,2017-01-22,ACTIVE,M75214815,9727255103
ESCOM/560058/000213,Textiles Modern Co,"Cross Road, Peenya 1st Stage, Bengaluru, 560058",560058,INDUSTRIAL,113.6,69.3,LT-6,,,1990-09-22,ACTIVE,M86513102,9578826794
ESCOM/560058/000214,Srinivasa Engineering & Co,"Industrial Road, Peenya Industrial Area, Bengaluru, 560058",560058,INDUSTRIAL,389.7,267.3,LT-2,GMYCU4976V,29GMYCU4976V6ZG,1997-12-09,ACTIVE,M81584816,
ESCOM/560100/000215,Mphasis Fabrics Mfr,"183/8, 3rd Main, Neeladri Nagar, Bengaluru, B'lore",560100,INDUSTRIAL,308.9,264.8,LT-6,,,2002-06-24,SURRENDERED,M46425782,
ESCOM/560100/000216,Shree Auto Parts Pvt Ltd,"273/3, 3rd Main, Bommanahalli, Bengaluru, B'lore",560100,INDUSTRIAL,65.0,39.8,LT-3,ONYFP4478C,29ONYFP4478C1ZO,1990-09-15,SURRENDERED,M56942113,9937335963
ESCOM/560058/000217,Modern Valves Enterp,"Ring Road, Peenya 1st Stage, Bengaluru, 560058",560058,COMMERCIAL,361.3,292.5,LT-5,OZRCJ6863C,29OZRCJ6863C8ZC,1995-09-19,ACTIVE,M37882217,9307331729
ESCOM/560100/000218,Sri Plastics Industries,"416/2, Main Road, Kudlu Gate, Bengaluru, 560100",560100,INDUSTRIAL,12.1,8.6,LT-4,LRWAE7207P,29LRWAE7207P8Z2,2011-06-18,SURRENDERED,M79629956,
ESCOM/560058/000219,Lakshmi Pumps Corporation,"Ring Road, Peenya Industrial Area, Bengaluru, B'lore",560058,INDUSTRIAL,340.8,229.3,LT-4,,,1996-06-08,DISCONNECTED,M80589992,9462219407
ESCOM/560058/000220,Premier Electronics Enterprises,"145/7, 1st Cross, Peenya Industrial Area, Bengaluru, 560058",560058,COMMERCIAL,93.8,73.9,LT-2,OLYHB1763F,,1994-08-24,ACTIVE,M59090591,9106817809
ESCOM/560100/000221,Karnataka Electricals Co,"422/4, Ring Road, Neeladri Nagar, Bengaluru, B'lore",560100,INDUSTRIAL,432.1,366.3,LT-6,RPSAT9673A,29RPSAT9673A4Z7,2007-04-05,ACTIVE,M82733805,9764561301
ESCOM/560058/000222,Sri Foods Pvt. Ltd.,"510/3, Ring Road, Peenya 2nd Stage, Bengaluru, 560058",560058,COMMERCIAL,245.1,212.1,LT-5,BJFPI3870X,,1999-05-09,ACTIVE,M48463131,
ESCOM/560058/000223,Bengaluru Cables Pvt. Ltd.,"Cross Road, Peenya, Bengaluru, 560058",560058,INDUSTRIAL,171.3,102.9,LT-2,XBPFB8194M,29XBPFB8194M8ZC,2010-11-27,ACTIVE,M18039491,
ESCOM/560058/000225,Star Cables Works,"Service Road, BEL Road, Bengaluru, B'lore",560058,INDUSTRIAL,353.1,244.8,LT-1,LGOPA6423H,29LGOPA6423H2Z1,1992-02-12,ACTIVE,M34577162,9427315813
ESCOM/560100/000226,Janatha Valves Enterprises,"Main Road, Kudlu Gate, Bengaluru, 560100",560100,INDUSTRIAL,444.5,330.1,LT-6,NHTHW9577C,29NHTHW9577C6Z3,2019-04-07,ACTIVE,M35035666,9824403104
ESCOM/560058/000227,New Fabrics Works,"245/9, 2nd Cross, Peenya, Bengaluru, B'lore",560058,INDUSTRIAL,436.2,387.8,LT-5,,,2003-04-16,ACTIVE,M97290194,
ESCOM/560100/000228,Raghavendra Metals Limited,"354/8, 2nd Cross, Bommanahalli, Bengaluru, 560100",560100,INDUSTRIAL,198.4,149.6,LT-6,VMNAR8436W,29VMNAR8436W2ZC,1993-06-10,DISCONNECTED,M54458822,9193747059
ESCOM/560058/000229,Global Electricals Corporation,"Main Road, Yeshwanthpur, Bengaluru, 560058",560058,INDUSTRIAL,324.8,209.5,LT-6,YMKAX6208H,29YMKAX6208H9ZL,2003-06-18,ACTIVE,M51010695,9468070623
ESCOM/560100/000230,Paper KS Private Limited,"1st Cross, Electronic City Phase 1, Bengaluru, 560100",560100,INDUSTRIAL,289.4,179.6,LT-5,UBJHO9615F,29UBJHO9615F3ZA,2009-08-18,ACTIVE,M78821853,9144186034
ESCOM/560100/000231,Titan Foundry Works,"125/1, 1st Cross, Neeladri Nagar, Bengaluru, B'lore",560100,INDUSTRIAL,346.1,310.2,LT-1,TYYFE0793W,29TYYFE0793W5Z9,2000-10-27,ACTIVE,M70881018,9574707201
ESCOM/560100/000232,Infosys Rubber Corporation,"2nd Cross, Hosur Road, Bengaluru, B'lore",560100,INDUSTRIAL,115.0,101.9,LT-2,,,2004-12-25,ACTIVE,M32777071,
ESCOM/560100/000233,National Steel Ltd,"Service Road, Electronic City Phase 2, Bengaluru, 560100",560100,INDUSTRIAL,402.8,336.8,LT-2,KSLHM3239R,,2021-12-11,ACTIVE,M31477706,
ESCOM/560058/000234,Sunrise Fabrics P Limited,"Ring Road, Rajajinagar Industrial Estate, Bengaluru, 560058",560058,INDUSTRIAL,279.2,223.7,LT-6,YPJPA4945W,29YPJPA4945W3ZC,2003-01-21,ACTIVE,M88216721,
ESCOM/560100/000235,Shree Motors Inds,"1st Cross, Electronic City Phase 2, Bengaluru, B'lore",560100,INDUSTRIAL,93.8,68.8,LT-2,,,1999-09-08,ACTIVE,M17942448,9408903747
ESCOM/560100/000236,Sunrise Pipes Enterprises,"890/5, 3rd Main, Neeladri Nagar, Bengaluru, 560100",560100,INDUSTRIAL,212.7,145.2,LT-6,ZVJFX5810K,29ZVJFX5810K3ZM,2020-06-27,ACTIVE,M49972402,
ESCOM/560058/000237,Engineering Royal Factory,"2nd Cross, Yeshwanthpur, Bengaluru, 560058",560058,INDUSTRIAL,81.5,60.6,LT-5,HSJHR5805L,29HSJHR5805L7ZL,2000-02-02,ACTIVE,M69349588,9209970339
ESCOM/560058/000238,Mphasis Fabrics Pvt Ltd,"Ring Road, Peenya Industrial Area, Bengaluru, 560058",560058,INDUSTRIAL,157.2,102.5,LT-2,VXPCY9137D,,1998-05-17,ACTIVE,M51951707,9838785008
ESCOM/560058/000239,Shree Cables Manufacturers,"Factory Road, Peenya Industrial Area, Bengaluru, 560058",560058,INDUSTRIAL,19.5,12.9,LT-1,PMXAB0677T,,2017-04-27,ACTIVE,M94720730,9820051966
ESCOM/560058/000240,Fabrics Premier Pvt Ltd,"733/4, Factory Road, Yeshwanthpur, Bengaluru, B'lore",560058,INDUSTRIAL,214.9,175.4,LT-6,XNZCD9984W,29XNZCD9984W8Z6,1990-03-08,ACTIVE,M23744638,
ESCOM/560100/000241,Electricals National Manufacturers,"571/1, 1st Cross, Kudlu Gate, Bengaluru, B'lore",560100,INDUSTRIAL,231.2,206.7,LT-3,,,2013-04-26,ACTIVE,M51810793,9513155580
ESCOM/560100/000242,United Fabrics International,"184/1, 2nd Cross, Kudlu Gate, Bengaluru, B'lore",560100,INDUSTRIAL,104.1,76.2,LT-6,RKNFV0145D,29RKNFV0145D3Z4,2020-05-15,ACTIVE,M21496117,
ESCOM/560100/000243,Royal Paints Group,"3rd Main, Kudlu Gate, Bengaluru, 560100",560100,INDUSTRIAL,340.7,293.0,LT-3,ZNDFO1246E,,2007-05-19,ACTIVE,M11625375,9173259976
ESCOM/560058/000244,Raghavendra Cables Works,"Ring Road, Peenya 1st Stage, Bengaluru, 560058",560058,COMMERCIAL,92.6,58.7,LT-3,NOVFR5904D,29NOVFR5904D6ZO,2021-03-20,ACTIVE,M52812834,9138634432
ESCOM/560100/000245,Global Cables Pvt Ltd,"Service Road, Kudlu Gate, Bengaluru, 560100",560100,INDUSTRIAL,405.7,328.5,LT-4,OEBFI4963J,29OEBFI4963J1Z2,2021-08-15,ACTIVE,M96597979,
ESCOM/560100/000246,Titan Metals Enterprises,"254/4, Factory Road, Kudlu Gate, Bengaluru, B'lore",560100,INDUSTRIAL,16.0,11.5,LT-6,CRWAD3034N,29CRWAD3034N7ZH,1993-11-23,ACTIVE,M47833020,9604336426
ESCOM/560058/000247,Global Furniture Group,"1st Cross, Peenya, Bengaluru, 560058",560058,INDUSTRIAL,240.3,178.1,LT-6,VNHPB2586C,29VNHPB2586C2ZL,2011-10-02,ACTIVE,M73916581,9708197748
ESCOM/560100/000248,JSW Foods Traders,"Service Road, Electronic City Phase 2, Bengaluru, 560100",560100,INDUSTRIAL,78.1,56.1,LT-1,QNEPP2974U,29QNEPP2974U7Z3,2015-01-11,ACTIVE,M55969313,9491136945
ESCOM/560100/000249,Srinivasa Foods Corporation,"662/3, 1st Cross, Electronic City Phase 2, Bengaluru, 560100",560100,COMMERCIAL,132.9,80.6,LT-3,GGDAA2845N,29GGDAA2845N1ZC,2016-03-16,ACTIVE,M17728432,9246491273
ESCOM/560100/000250,Sri Valves International,"888/2, 1st Cross, Electronic City Phase 2, Bengaluru, 560100",560100,INDUSTRIAL,466.1,353.9,LT-4,XRXFM9711X,29XRXFM9711X2ZX,1995-02-16,DISCONNECTED,M62329906,9723220947
ESCOM/560100/000251,Peoples Paper & Co,"958/7, Factory Road, Kudlu Gate, Bengaluru, 560100",560100,INDUSTRIAL,184.7,133.7,LT-1,EZLPI8056D,29EZLPI8056D7ZU,2014-05-11,ACTIVE,M99575302,9398214359
ESCOM/560058/000252,Bangalore Printing Traders,"925/2, 2nd Cross, Peenya 2nd Stage, Bengaluru, B'lore",560058,INDUSTRIAL,317.5,279.6,LT-4,WKXCM9939Y,,2009-08-03,SURRENDERED,M62125300,9272042677
ESCOM/560100/000253,Star Metals International,"3rd Main, Kudlu Gate, Bengaluru, B'lore",560100,INDUSTRIAL,6.5,5.0,LT-1,NJPHR7400U,,2011-05-08,DISCONNECTED,M84918255,9788374606
ESCOM/560058/000254,Raghavendra Metals Group,"Ring Road, BEL Road, Bengaluru, 560058",560058,INDUSTRIAL,315.2,257.2,LT-3,VUFAN3338S,,2010-01-17,ACTIVE,M98845148,9794825515
ESCOM/560058/000255,Infosys Rubber Traders,"Cross Road, Peenya, Bengaluru, B'lore",560058,INDUSTRIAL,111.7,87.9,LT-2,DSLAO8422Z,29DSLAO8422Z8ZO,2006-06-27,DISCONNECTED,M51482355,9321841455
ESCOM/560058/000256,KS Chemicals Ltd,"597/8, 2nd Cross, Peenya, Bengaluru, 560058",560058,INDUSTRIAL,201.8,159.3,LT-3,,,2018-10-26,ACTIVE,M54015481,
ESCOM/560058/000257,Modern Garments Indus,"931/6, Ring Road, Peenya, Bengaluru, B'lore",560058,INDUSTRIAL,249.0,219.0,LT-5,SVAAQ6333R,,2011-11-26,ACTIVE,M86004298,9282392760
ESCOM/560100/000258,JSW Garments Pvt. Ltd.,"2nd Cross, Electronic City Phase 2, Bengaluru, B'lore",560100,INDUSTRIAL,95.7,68.4,LT-4,PTGHK4174E,29PTGHK4174E8Z3,2021-02-26,ACTIVE,M69983458,9158591050
ESCOM/560100/000259,Packaging Mphasis & Co,"Ring Road, Hosur Road, Bengaluru, 560100",560100,INDUSTRIAL,418.3,303.2,LT-5,,,2021-09-18,ACTIVE,M59830378,
ESCOM/560058/000260,Shree Furniture Group,"Cross Road, BEL Road, Bengaluru, 560058",560058,INDUSTRIAL,316.0,265.0,LT-6,ARRHM3913A,,2001-08-16,SURRENDERED,M17750834,9615240484
ESCOM/560100/000261,Star Pipes International,"Main Road, Electronic City Phase 1, Bengaluru, B'lore",560100,INDUSTRIAL,146.0,111.1,LT-4,TOPPC3198C,,1998-10-20,ACTIVE,M61222216,9517151813
ESCOM/560100/000262,Balaji Packaging Co,"Service Road, Electronic City Phase 2, Bengaluru, B'lore",560100,INDUSTRIAL,116.0,99.6,LT-1,MOKFY4316C,,1996-07-28,ACTIVE,M30603294,9597706044
ESCOM/560058/000263,Metals Mphasis Pvt.Ltd,"Industrial Road, Rajajinagar Industrial Estate, Bengaluru, B'lore",560058,INDUSTRIAL,254.2,192.9,LT-6,LOOAB5544X,29LOOAB5544X5ZM,2020-02-25,ACTIVE,M11023862,9187799393
ESCOM/560058/000264,Indian Paints Limited,"776/8, Ring Road, Yeshwanthpur, Bengaluru, B'lore",560058,INDUSTRIAL,329.6,304.5,LT-2,IXVHG1768D,29IXVHG1768D1Z0,2010-09-28,ACTIVE,M41424742,9114285707
ESCOM/560100/000265,Pumps Sunrise Factory,"3rd Main, Kudlu Gate, Bengaluru, 560100",560100,INDUSTRIAL,408.9,278.9,LT-1,,,2013-11-17,DISCONNECTED,M13827602,
ESCOM/560058/000266,Leather Peoples Corporation,"1st Cross, Peenya Industrial Area, Bengaluru, B'lore",560058,INDUSTRIAL,451.7,426.2,LT-3,,,2002-05-22,SURRENDERED,M34666946,9225046707
ESCOM/560058/000267,KS Paper Corporation,"2nd Cross, Peenya Industrial Area, Bengaluru, 560058",560058,INDUSTRIAL,290.3,241.5,LT-6,ZWTFT7903Q,29ZWTFT7903Q8ZE,2015-06-09,ACTIVE,M19409611,9120422206
ESCOM/560058/000268,Leather Sunrise Enterp,"22/3, 3rd Main, Peenya 2nd Stage, Bengaluru, 560058",560058,INDUSTRIAL,368.6,222.8,LT-4,MLNCS9368V,29MLNCS9368V5ZO,2018-01-22,ACTIVE,M89778686,9822743448
ESCOM/560058/000269,Balaji Electronics Ltd,"104/7, Ring Road, Yeshwanthpur, Bengaluru, 560058",560058,INDUSTRIAL,310.7,278.2,LT-6,HFBFA3261Q,,2000-03-14,ACTIVE,M78821284,9562375205
ESCOM/560058/000270,Bangalore Electricals Corporation,"Cross Road, Yeshwanthpur, Bengaluru, B'lore",560058,INDUSTRIAL,436.1,354.3,LT-5,UZTFD7681R,,2022-06-22,ACTIVE,M82501777,9776378019
ESCOM/560100/000271,Leather Balaji Ent,"869/4, Cross Road, Electronic City Phase 1, Bengaluru, 560100",560100,INDUSTRIAL,73.3,64.7,LT-5,TAVFP3503Y,29TAVFP3503Y4Z9,2011-01-21,ACTIVE,M34030421,9552820774
ESCOM/560058/000273,Metals KS Traders,"2nd Cross, Peenya 2nd Stage, Bengaluru, 560058",560058,INDUSTRIAL,460.6,428.8,LT-4,,,2009-09-05,ACTIVE,M75587311,
ESCOM/560100/000274,Motors Indian Group,"1st Cross, Electronic City Phase 1, Bengaluru, 560100",560100,INDUSTRIAL,124.5,99.1,LT-3,STDFR2055Y,29STDFR2055Y1Z1,2015-02-06,SURRENDERED,M83804178,
ESCOM/560100/000275,Titan Eng Inds,"587/1, 1st Cross, Hosur Road, Bengaluru, 560100",560100,INDUSTRIAL,167.3,145.5,LT-4,UZOCU6822V,29UZOCU6822V3ZO,1997-12-20,SURRENDERED,M84680066,
ESCOM/560100/000276,Lakshmi Garments Traders,"Factory Road, Hosur Road, Bengaluru, 560100",560100,INDUSTRIAL,357.0,214.4,LT-5,KOUAI5696P,29KOUAI5696P7ZA,1998-04-04,DISCONNECTED,M84109019,
ESCOM/560100/000277,Star Electronics Works,"113/2, 3rd Main, Bommanahalli, Bengaluru, B'lore",560100,INDUSTRIAL,247.0,149.6,LT-5,BDJHL3471S,29BDJHL3471S5ZI,2013-06-17,ACTIVE,M85915183,
ESCOM/560100/000278,Mphasis Plastics Group,"Industrial Road, Hosur Road, Bengaluru, 560100",560100,INDUSTRIAL,369.3,334.4,LT-5,TRDFX3764H,29TRDFX3764H6ZY,2014-07-28,ACTIVE,M86407202,9819883588
ESCOM/560100/000279,Srinivasa Engineering Co,"591/1, Service Road, Electronic City Phase 1, Bengaluru, B'lore",560100,INDUSTRIAL,404.4,310.9,LT-2,EMXAD6592G,,1995-08-03,ACTIVE,M10105721,9576987762
ESCOM/560058/000280,Electronics Wipro Traders,"325/7, Service Road, Peenya 1st Stage, Bengaluru, 560058",560058,INDUSTRIAL,34.0,23.5,LT-3,ZOHPF2034F,,1991-01-15,ACTIVE,M56252087,9129174843
ESCOM/560058/000282,Modern Electronics Group,"985/9, 3rd Main, Yeshwanthpur, Bengaluru, 560058",560058,INDUSTRIAL,144.2,90.1,LT-4,VYQPU9094T,29VYQPU9094T7ZM,2005-05-25,ACTIVE,M24296509,9728309864
ESCOM/560058/000283,Bangalore Metals Ltd,"2nd Cross, Peenya 1st Stage, Bengaluru, 560058",560058,INDUSTRIAL,280.1,244.7,LT-1,HRIFG4506U,29HRIFG4506U8Z0,2022-09-04,SURRENDERED,M65736939,9286332886
ESCOM/560058/000284,Shree Pumps Corporation,"Cross Road, Peenya 2nd Stage, Bengaluru, B'lore",560058,INDUSTRIAL,99.8,93.8,LT-4,KVVHA1310X,,2018-06-28,DISCONNECTED,M67425182,
ESCOM/560100/000285,Chemicals Sri Mfg,"Factory Road, Bommanahalli, Bengaluru, 560100",560100,INDUSTRIAL,89.4,73.7,LT-2,,,2003-03-11,DISCONNECTED,M10639448,
ESCOM/560100/000287,Shree Steel Ltd,"756/4, Main Road, Bommanahalli, Bengaluru, 560100",560100,INDUSTRIAL,58.4,52.6,LT-1,YXFFK3604Z,,2011-02-13,ACTIVE,M91495289,
ESCOM/560100/000289,Rubber KS Co,"694/1, Cross Road, Bommanahalli, Bengaluru, 560100",560100,COMMERCIAL,229.8,205.7,LT-5,WKQHN2560M,29WKQHN2560M7Z6,2017-10-11,ACTIVE,M17405419,9825609063
ESCOM/560058/000291,National Pumps Corporation,"201/4, 2nd Cross, BEL Road, Bengaluru, B'lore",560058,INDUSTRIAL,438.7,276.8,LT-2,UIRCW6468S,29UIRCW6468S5ZQ,1993-04-05,ACTIVE,M83259850,9212579573
ESCOM/560058/000292,Foods Sunrise Ltd,"2nd Cross, Peenya 2nd Stage, Bengaluru, 560058",560058,INDUSTRIAL,91.2,79.1,LT-2,VAACL0121S,29VAACL0121S6Z2,2020-05-24,DISCONNECTED,M33662613,9312412969
ESCOM/560058/000293,Peoples Chemicals International,"Industrial Road, Peenya Industrial Area, Bengaluru, 560058",560058,INDUSTRIAL,99.9,74.6,LT-2,HGVCV1576N,29HGVCV1576N2Z7,1996-03-06,ACTIVE,M54303502,
ESCOM/560058/000294,Rubber Royal Factory,"302/3, Service Road, Peenya 1st Stage, Bengaluru, 560058",560058,INDUSTRIAL,376.8,356.9,LT-1,QHDPQ9820P,29QHDPQ9820P2ZA,2002-07-10,ACTIVE,M14847065,
ESCOM/560100/000295,Chemicals Global Factory,"Main Road, Kudlu Gate, Bengaluru, B'lore",560100,INDUSTRIAL,25.4,15.5,LT-3,WKHFM5935E,29WKHFM5935E5ZS,2015-02-16,ACTIVE,M83805378,
ESCOM/560100/000296,Bangalore Steel Ind,"272/2, Factory Road, Hosur Road, Bengaluru, 560100",560100,INDUSTRIAL,373.9,277.8,LT-2,HNOPC7900B,29HNOPC7900B6ZC,2001-10-12,DISCONNECTED,M25783708,
ESCOM/560100/000297,Royal Pharmaceuticals Limited,"842/1, 3rd Main, Hosur Road, Bengaluru, B'lore",560100,INDUSTRIAL,423.7,322.1,LT-5,ZYWAH2745Z,29ZYWAH2745Z8ZT,2012-02-10,ACTIVE,M69994261,
ESCOM/560058/000298,Balaji Paper Corporation,"512/6, Main Road, Rajajinagar Industrial Estate, Bengaluru, 560058",560058,INDUSTRIAL,400.6,240.6,LT-5,LTTFW5307E,,1998-08-21,ACTIVE,M41316014,
ESCOM/560058/000299,Infosys Foods Mfg,"655/5, Ring Road, Rajajinagar Industrial Estate, Bengaluru, 560058",560058,INDUSTRIAL,20.9,17.8,LT-4,,,1996-10-15,SURRENDERED,M76179190,9693679128
ESCOM/560100/000300,Pharmaceuticals Bengaluru Co,"Main Road, Hosur Road, Bengaluru, 560100",560100,INDUSTRIAL,82.7,63.5,LT-6,,,1994-12-18,SURRENDERED,M52326331,
ESCOM/560100/000307,Karnataka Pipes Ent,"62/3, Cross Road, Hosur Road, Bengaluru, 560100",560100,INDUSTRIAL,24.6,16.0,LT-3,FJQHH9597K,,2005-09-16,DISCONNECTED,M73901617,
ESCOM/560100/000310,Infosys Leather Traders,"2nd Cross, Hosur Road, Bengaluru, 560100",560100,INDUSTRIAL,362.5,262.6,LT-3,ZJMFU9089D,29ZJMFU9089D3ZC,1990-03-12,ACTIVE,M22193479,9928145258
ESCOM/560100/000311,Printing Indian Co,"Main Road, Bommanahalli, Bengaluru, 560100",560100,INDUSTRIAL,438.6,309.2,LT-5,YDGFS9807U,29YDGFS9807U7ZP,2013-02-14,ACTIVE,M95572035,
ESCOM/560100/000313,Mahalaxmi Furniture Group,"3rd Main, Kudlu Gate, Bengaluru, B'lore",560100,INDUSTRIAL,293.3,216.2,LT-2,CCDCC3546D,,2002-11-20,SURRENDERED,M43210578,
ESCOM/560100/000315,Mphasis Fabrics Limited,"2nd Cross, Kudlu Gate, Bengaluru, B'lore",560100,INDUSTRIAL,435.6,375.1,LT-4,KPCFN9946W,29KPCFN9946W7ZI,1992-06-16,ACTIVE,M83339845,9864441874
ESCOM/560100/000317,Wipro Metals Enterprises,"Cross Road, Electronic City Phase 1, Bengaluru, 560100",560100,INDUSTRIAL,477.3,361.6,LT-6,RUZFN8210C,29RUZFN8210C4Z7,2004-02-28,ACTIVE,M23189535,
ESCOM/560058/000318,Pharmaceuticals National & Co,"3rd Main, Peenya Industrial Area, Bengaluru, 560058",560058,INDUSTRIAL,140.4,99.3,LT-4,DYVHP6127Z,29DYVHP6127Z1ZK,2004-06-20,DISCONNECTED,M83014724,
