real_business_idx,real_status,pin_code,sector,canonical_name,pan,gstin,source,source_record_id
1,ACTIVE,560058,TEXTILE,Star Chemicals Ltd,,,BBMP,BBMP/560058/0001
2,ACTIVE,560100,ELECTRONICS,Mphasis Paper Limited,CJJHL6875M,,BBMP,BBMP/560100/0002
2,ACTIVE,560100,ELECTRONICS,Mphasis Paper Limited,CJJHL6875M,,ESCOM,ESCOM/560100/000002
3,ACTIVE,560100,ENGINEERING,United Beverages Corporation,FGYHU0652O,29FGYHU0652O9ZE,BBMP,BBMP/560100/0003
3,ACTIVE,560100,ENGINEERING,United Beverages Corporation,FGYHU0652O,29FGYHU0652O9ZE,ESCOM,ESCOM/560100/000003
3,ACTIVE,560100,ENGINEERING,United Beverages Corporation,FGYHU0652O,29FGYHU0652O9ZE,LABOUR,KR/BN/00003/000
4,ACTIVE,560100,ELECTRONICS,Srinivasa Auto Parts Traders,GPXAM3914Y,,BBMP,BBMP/560100/0004
5,CLOSED,560100,RUBBER_PLASTICS,United Textiles Co,CLLHX8251D,29CLLHX8251D5ZW,BBMP,BBMP/560100/0005
5,CLOSED,560100,RUBBER_PLASTICS,United Textiles Co,CLLHX8251D,29CLLHX8251D5ZW,ESCOM,ESCOM/560100/000005
5,CLOSED,560100,RUBBER_PLASTICS,United Textiles Co,CLLHX8251D,29CLLHX8251D5ZW,LABOUR,KR/BN/00005/000
6,DORMANT,560100,TEXTILE,Mahalaxmi Packaging International,,,ESCOM,ESCOM/560100/000006
6,DORMANT,560100,TEXTILE,Mahalaxmi Packaging International,,,LABOUR,KR/BN/00006/000
7,DORMANT,560100,ELECTRONICS,Southern Printing Group,LGBAA5220U,,ESCOM,ESCOM/560100/000007
8,ACTIVE,560100,ELECTRONICS,Janatha Auto Parts Group,MSRFU0438H,,BBMP,BBMP/560100/0008
8,ACTIVE,560100,ELECTRONICS,Janatha Auto Parts Group,MSRFU0438H,,ESCOM,ESCOM/560100/000008
9,CLOSED,560058,TEXTILE,Srinivasa Printing Corporation,WXECA9274N,29WXECA9274N9ZV,BBMP,BBMP/560058/0009
9,CLOSED,560058,TEXTILE,Srinivasa Printing Corporation,WXECA9274N,29WXECA9274N9ZV,ESCOM,ESCOM/560058/000009
9,CLOSED,560058,TEXTILE,Srinivasa Printing Corporation,WXECA9274N,29WXECA9274N9ZV,LABOUR,KR/BN/00009/000
10,ACTIVE,560100,RUBBER_PLASTICS,Southern Valves Works,,,BBMP,BBMP/560100/0010
10,ACTIVE,560100,RUBBER_PLASTICS,Southern Valves Works,,,ESCOM,ESCOM/560100/000010
10,ACTIVE,560100,RUBBER_PLASTICS,Southern Valves Works,,,LABOUR,KR/BN/00010/000
11,ACTIVE,560100,PAPER_PRINTING,Premier Furniture Enterprises,LYYHA4990G,29LYYHA4990G3ZM,BBMP,BBMP/560100/0011
11,ACTIVE,560100,PAPER_PRINTING,Premier Furniture Enterprises,LYYHA4990G,29LYYHA4990G3ZM,ESCOM,ESCOM/560100/000011
11,ACTIVE,560100,PAPER_PRINTING,Premier Furniture Enterprises,LYYHA4990G,29LYYHA4990G3ZM,LABOUR,KR/BN/00011/000
12,ACTIVE,560058,RUBBER_PLASTICS,KS Ceramics Pvt Ltd,HPSCG6852B,,BBMP,BBMP/560058/0012
12,ACTIVE,560058,RUBBER_PLASTICS,KS Ceramics Pvt Ltd,HPSCG6852B,,ESCOM,ESCOM/560058/000012
13,ACTIVE,560100,RUBBER_PLASTICS,Shree Engineering Pvt Ltd,LBJCZ9036V,,BBMP,BBMP/560100/0013
13,ACTIVE,560100,RUBBER_PLASTICS,Shree Engineering Pvt Ltd,LBJCZ9036V,,ESCOM,ESCOM/560100/000013
13,ACTIVE,560100,RUBBER_PLASTICS,Shree Engineering Pvt Ltd,LBJCZ9036V,,LABOUR,KR/BN/00013/000
14,ACTIVE,560100,TEXTILE,Venkateshwara Pipes International,JBMPG8437H,,ESCOM,ESCOM/560100/000014
15,ACTIVE,560100,TEXTILE,Mahalaxmi Chemicals Private Limited,LZDHS1045Z,29LZDHS1045Z4ZN,BBMP,BBMP/560100/0015
15,ACTIVE,560100,TEXTILE,Mahalaxmi Chemicals Private Limited,LZDHS1045Z,29LZDHS1045Z4ZN,LABOUR,KR/BN/00015/000
16,ACTIVE,560100,AUTO_COMPONENTS,Infosys Paints Limited,QHOCA3276K,29QHOCA3276K8ZD,ESCOM,ESCOM/560100/000016
16,ACTIVE,560100,AUTO_COMPONENTS,Infosys Paints Limited,QHOCA3276K,29QHOCA3276K8ZD,LABOUR,KR/BN/00016/000
16,ACTIVE,560100,AUTO_COMPONENTS,Infosys Paints Limited,QHOCA3276K,29QHOCA3276K8ZD,FACTORIES,KAR/FACT/560100/0016
17,ACTIVE,560058,CHEMICALS,Bengaluru Motors Ltd,LXOPW6426A,29LXOPW6426A2ZR,ESCOM,ESCOM/560058/000017
17,ACTIVE,560058,CHEMICALS,Bengaluru Motors Ltd,LXOPW6426A,29LXOPW6426A2ZR,LABOUR,KR/BN/00017/000
17,ACTIVE,560058,CHEMICALS,Bengaluru Motors Ltd,LXOPW6426A,29LXOPW6426A2ZR,FACTORIES,KAR/FACT/560058/0017
18,ACTIVE,560100,PHARMACEUTICALS,Sunrise Pumps & Co,LTVFI7562C,29LTVFI7562C4ZH,ESCOM,ESCOM/560100/000018
18,ACTIVE,560100,PHARMACEUTICALS,Sunrise Pumps & Co,LTVFI7562C,29LTVFI7562C4ZH,LABOUR,KR/BN/00018/000
19,ACTIVE,560100,PACKAGING,Sri Foods Corporation,HKXHN5778P,,BBMP,BBMP/560100/0019
19,ACTIVE,560100,PACKAGING,Sri Foods Corporation,HKXHN5778P,,ESCOM,ESCOM/560100/000019
20,ACTIVE,560058,PAPER_PRINTING,Modern Textiles International,,,ESCOM,ESCOM/560058/000020
20,ACTIVE,560058,PAPER_PRINTING,Modern Textiles International,,,LABOUR,KR/BN/00020/000
21,ACTIVE,560100,CHEMICALS,Peoples Fabrics Manufacturers,UQTPH1011V,,ESCOM,ESCOM/560100/000021
21,ACTIVE,560100,CHEMICALS,Peoples Fabrics Manufacturers,UQTPH1011V,,LABOUR,KR/BN/00021/000
22,ACTIVE,560100,ENGINEERING,Premier Textiles International,,,BBMP,BBMP/560100/0022
22,ACTIVE,560100,ENGINEERING,Premier Textiles International,,,ESCOM,ESCOM/560100/000022
22,ACTIVE,560100,ENGINEERING,Premier Textiles International,,,LABOUR,KR/BN/00022/000
23,DORMANT,560058,AUTO_COMPONENTS,Modern Metals Co,,,BBMP,BBMP/560058/0023
23,DORMANT,560058,AUTO_COMPONENTS,Modern Metals Co,,,ESCOM,ESCOM/560058/000023
23,DORMANT,560058,AUTO_COMPONENTS,Modern Metals Co,,,LABOUR,KR/BN/00023/000
24,CLOSED,560100,PAPER_PRINTING,Janatha Printing Group,VCWCH7563P,29VCWCH7563P3ZV,BBMP,BBMP/560100/0024
24,CLOSED,560100,PAPER_PRINTING,Janatha Printing Group,VCWCH7563P,29VCWCH7563P3ZV,ESCOM,ESCOM/560100/000024
25,ACTIVE,560058,ELECTRONICS,Star Metals Manufacturers,CFRPJ6353X,29CFRPJ6353X6ZT,LABOUR,KR/BN/00025/000
26,ACTIVE,560058,ELECTRONICS,Karnataka Pipes Manufacturers,HJHCW5295W,29HJHCW5295W8Z6,BBMP,BBMP/560058/0026
26,ACTIVE,560058,ELECTRONICS,Karnataka Pipes Manufacturers,HJHCW5295W,29HJHCW5295W8Z6,ESCOM,ESCOM/560058/000026
27,ACTIVE,560058,ENGINEERING,Infosys Auto Parts Pvt Ltd,,,BBMP,BBMP/560058/0027
27,ACTIVE,560058,ENGINEERING,Infosys Auto Parts Pvt Ltd,,,ESCOM,ESCOM/560058/000027
27,ACTIVE,560058,ENGINEERING,Infosys Auto Parts Pvt Ltd,,,LABOUR,KR/BN/00027/000
27,ACTIVE,560058,ENGINEERING,Infosys Auto Parts Pvt Ltd,,,FACTORIES,KAR/FACT/560058/0027
28,ACTIVE,560100,PAPER_PRINTING,Wipro Pharmaceuticals Factory,REEHC1464B,,BBMP,BBMP/560100/0028
28,ACTIVE,560100,PAPER_PRINTING,Wipro Pharmaceuticals Factory,REEHC1464B,,ESCOM,ESCOM/560100/000028
28,ACTIVE,560100,PAPER_PRINTING,Wipro Pharmaceuticals Factory,REEHC1464B,,LABOUR,KR/BN/00028/000
29,ACTIVE,560058,PACKAGING,Mahalaxmi Printing Ltd,PVXHO1669Q,29PVXHO1669Q8Z5,LABOUR,KR/BN/00029/000
30,ACTIVE,560058,CHEMICALS,Premier Garments Group,ZLVCC4431F,29ZLVCC4431F8ZI,BBMP,BBMP/560058/0030
30,ACTIVE,560058,CHEMICALS,Premier Garments Group,ZLVCC4431F,29ZLVCC4431F8ZI,ESCOM,ESCOM/560058/000030
30,ACTIVE,560058,CHEMICALS,Premier Garments Group,ZLVCC4431F,29ZLVCC4431F8ZI,FACTORIES,KAR/FACT/560058/0030
31,ACTIVE,560058,RUBBER_PLASTICS,Mphasis Metals Industries,FOYPO8406Z,,ESCOM,ESCOM/560058/000031
31,ACTIVE,560058,RUBBER_PLASTICS,Mphasis Metals Industries,FOYPO8406Z,,LABOUR,KR/BN/00031/000
32,ACTIVE,560058,FOOD_PROCESSING,Global Paints Limited,LDECT5882Z,29LDECT5882Z6ZW,BBMP,BBMP/560058/0032
32,ACTIVE,560058,FOOD_PROCESSING,Global Paints Limited,LDECT5882Z,29LDECT5882Z6ZW,ESCOM,ESCOM/560058/000032
32,ACTIVE,560058,FOOD_PROCESSING,Global Paints Limited,LDECT5882Z,29LDECT5882Z6ZW,LABOUR,KR/BN/00032/000
33,ACTIVE,560100,RUBBER_PLASTICS,Global Packaging Enterprises,OGUCB3493V,29OGUCB3493V3ZV,ESCOM,ESCOM/560100/000033
34,CLOSED,560058,FOOD_PROCESSING,Wipro Valves Co,QWWFR3377R,,BBMP,BBMP/560058/0034
34,CLOSED,560058,FOOD_PROCESSING,Wipro Valves Co,QWWFR3377R,,ESCOM,ESCOM/560058/000034
34,CLOSED,560058,FOOD_PROCESSING,Wipro Valves Co,QWWFR3377R,,LABOUR,KR/BN/00034/000
35,ACTIVE,560058,PHARMACEUTICALS,Venkateshwara Paints Limited,LGKHV7108T,29LGKHV7108T8Z9,BBMP,BBMP/560058/0035
35,ACTIVE,560058,PHARMACEUTICALS,Venkateshwara Paints Limited,LGKHV7108T,29LGKHV7108T8Z9,ESCOM,ESCOM/560058/000035
35,ACTIVE,560058,PHARMACEUTICALS,Venkateshwara Paints Limited,LGKHV7108T,29LGKHV7108T8Z9,LABOUR,KR/BN/00035/000
36,ACTIVE,560058,PHARMACEUTICALS,Titan Paper Limited,WCJFL5929V,29WCJFL5929V1Z3,ESCOM,ESCOM/560058/000036
37,ACTIVE,560058,ENGINEERING,Indian Leather Co,XIKPG1595I,29XIKPG1595I5ZU,BBMP,BBMP/560058/0037
37,ACTIVE,560058,ENGINEERING,Indian Leather Co,XIKPG1595I,29XIKPG1595I5ZU,LABOUR,KR/BN/00037/000
38,ACTIVE,560100,RUBBER_PLASTICS,Titan Fabrics Group,PVYHD6469K,29PVYHD6469K4Z4,BBMP,BBMP/560100/0038
38,ACTIVE,560100,RUBBER_PLASTICS,Titan Fabrics Group,PVYHD6469K,29PVYHD6469K4Z4,LABOUR,KR/BN/00038/000
39,DORMANT,560100,ENGINEERING,Mahalaxmi Beverages International,XRVCT4903O,29XRVCT4903O4ZN,BBMP,BBMP/560100/0039
39,DORMANT,560100,ENGINEERING,Mahalaxmi Beverages International,XRVCT4903O,29XRVCT4903O4ZN,ESCOM,ESCOM/560100/000039
40,ACTIVE,560100,ENGINEERING,Raghavendra Foods Co,BTFCG8277T,,ESCOM,ESCOM/560100/000040
41,ACTIVE,560058,PAPER_PRINTING,JSW Textiles Private Limited,MUNPD4267V,29MUNPD4267V8Z1,ESCOM,ESCOM/560058/000041
41,ACTIVE,560058,PAPER_PRINTING,JSW Textiles Private Limited,MUNPD4267V,29MUNPD4267V8Z1,LABOUR,KR/BN/00041/000
42,ACTIVE,560100,PAPER_PRINTING,Balaji Fabrics Private Limited,NLPAD7168R,29NLPAD7168R4ZR,BBMP,BBMP/560100/0042
42,ACTIVE,560100,PAPER_PRINTING,Balaji Fabrics Private Limited,NLPAD7168R,29NLPAD7168R4ZR,ESCOM,ESCOM/560100/000042
43,DORMANT,560100,AUTO_COMPONENTS,Balaji Ceramics International,,,BBMP,BBMP/560100/0043
43,DORMANT,560100,AUTO_COMPONENTS,Balaji Ceramics International,,,ESCOM,ESCOM/560100/000043
43,DORMANT,560100,AUTO_COMPONENTS,Balaji Ceramics International,,,LABOUR,KR/BN/00043/000
43,DORMANT,560100,AUTO_COMPONENTS,Balaji Ceramics International,,,FACTORIES,KAR/FACT/560100/0043
44,ACTIVE,560100,PACKAGING,United Pipes Industries,EMWCL8375Z,29EMWCL8375Z9ZZ,ESCOM,ESCOM/560100/000044
45,ACTIVE,560058,FOOD_PROCESSING,United Electricals Factory,,,ESCOM,ESCOM/560058/000045
46,ACTIVE,560058,TEXTILE,Balaji Electronics Group,PKFFQ1426P,29PKFFQ1426P5Z2,BBMP,BBMP/560058/0046
46,ACTIVE,560058,TEXTILE,Balaji Electronics Group,PKFFQ1426P,29PKFFQ1426P5Z2,ESCOM,ESCOM/560058/000046
47,ACTIVE,560100,ENGINEERING,Shree Auto Parts & Co,ORJAM8009K,29ORJAM8009K7ZQ,ESCOM,ESCOM/560100/000047
47,ACTIVE,560100,ENGINEERING,Shree Auto Parts & Co,ORJAM8009K,29ORJAM8009K7ZQ,LABOUR,KR/BN/00047/000
47,ACTIVE,560100,ENGINEERING,Shree Auto Parts & Co,ORJAM8009K,29ORJAM8009K7ZQ,FACTORIES,KAR/FACT/560100/0047
48,ACTIVE,560100,ENGINEERING,Bengaluru Metals Factory,IENCD5173U,29IENCD5173U4Z6,BBMP,BBMP/560100/0048
48,ACTIVE,560100,ENGINEERING,Bengaluru Metals Factory,IENCD5173U,29IENCD5173U4Z6,ESCOM,ESCOM/560100/000048
48,ACTIVE,560100,ENGINEERING,Bengaluru Metals Factory,IENCD5173U,29IENCD5173U4Z6,FACTORIES,KAR/FACT/560100/0048
49,CLOSED,560100,PAPER_PRINTING,Srinivasa Leather Factory,,,BBMP,BBMP/560100/0049
49,CLOSED,560100,PAPER_PRINTING,Srinivasa Leather Factory,,,LABOUR,KR/BN/00049/000
50,ACTIVE,560100,ENGINEERING,Srinivasa Valves Corporation,LVQPK6594Z,29LVQPK6594Z6Z5,BBMP,BBMP/560100/0050
50,ACTIVE,560100,ENGINEERING,Srinivasa Valves Corporation,LVQPK6594Z,29LVQPK6594Z6Z5,ESCOM,ESCOM/560100/000050
50,ACTIVE,560100,ENGINEERING,Srinivasa Valves Corporation,LVQPK6594Z,29LVQPK6594Z6Z5,LABOUR,KR/BN/00050/000
51,ACTIVE,560100,PACKAGING,Wipro Cables Enterprises,,,BBMP,BBMP/560100/0051
51,ACTIVE,560100,PACKAGING,Wipro Cables Enterprises,,,ESCOM,ESCOM/560100/000051
51,ACTIVE,560100,PACKAGING,Wipro Cables Enterprises,,,LABOUR,KR/BN/00051/000
52,ACTIVE,560058,AUTO_COMPONENTS,KS Leather & Co,VRVHX9906Q,29VRVHX9906Q6ZJ,BBMP,BBMP/560058/0052
52,ACTIVE,560058,AUTO_COMPONENTS,KS Leather & Co,VRVHX9906Q,29VRVHX9906Q6ZJ,ESCOM,ESCOM/560058/000052
53,ACTIVE,560058,RUBBER_PLASTICS,Royal Printing Corporation,EVUCZ9703X,,BBMP,BBMP/560058/0053
53,ACTIVE,560058,RUBBER_PLASTICS,Royal Printing Corporation,EVUCZ9703X,,ESCOM,ESCOM/560058/000053
54,ACTIVE,560100,ELECTRONICS,Titan Ceramics Factory,ZVUFE8043D,29ZVUFE8043D9Z7,BBMP,BBMP/560100/0054
54,ACTIVE,560100,ELECTRONICS,Titan Ceramics Factory,ZVUFE8043D,29ZVUFE8043D9Z7,LABOUR,KR/BN/00054/000
55,ACTIVE,560058,PHARMACEUTICALS,Indian Packaging International,ZJAFD8671J,29ZJAFD8671J8Z8,ESCOM,ESCOM/560058/000055
55,ACTIVE,560058,PHARMACEUTICALS,Indian Packaging International,ZJAFD8671J,29ZJAFD8671J8Z8,LABOUR,KR/BN/00055/000
55,ACTIVE,560058,PHARMACEUTICALS,Indian Packaging International,ZJAFD8671J,29ZJAFD8671J8Z8,FACTORIES,KAR/FACT/560058/0055
56,ACTIVE,560100,ENGINEERING,Royal Pharmaceuticals Ltd,LCXAT5657J,29LCXAT5657J6ZF,BBMP,BBMP/560100/0056
56,ACTIVE,560100,ENGINEERING,Royal Pharmaceuticals Ltd,LCXAT5657J,29LCXAT5657J6ZF,ESCOM,ESCOM/560100/000056
56,ACTIVE,560100,ENGINEERING,Royal Pharmaceuticals Ltd,LCXAT5657J,29LCXAT5657J6ZF,LABOUR,KR/BN/00056/000
56,ACTIVE,560100,ENGINEERING,Royal Pharmaceuticals Ltd,LCXAT5657J,29LCXAT5657J6ZF,FACTORIES,KAR/FACT/560100/0056
57,ACTIVE,560058,PACKAGING,United Auto Parts Industries,ITQPY5713K,29ITQPY5713K3ZT,ESCOM,ESCOM/560058/000057
57,ACTIVE,560058,PACKAGING,United Auto Parts Industries,ITQPY5713K,29ITQPY5713K3ZT,LABOUR,KR/BN/00057/000
58,CLOSED,560058,ELECTRONICS,Indian Garments Enterprises,TEJPY0627N,29TEJPY0627N8ZO,BBMP,BBMP/560058/0058
58,CLOSED,560058,ELECTRONICS,Indian Garments Enterprises,TEJPY0627N,29TEJPY0627N8ZO,ESCOM,ESCOM/560058/000058
59,ACTIVE,560058,PACKAGING,Sunrise Pumps Private Limited,LSEHO3083N,29LSEHO3083N1Z4,BBMP,BBMP/560058/0059
59,ACTIVE,560058,PACKAGING,Sunrise Pumps Private Limited,LSEHO3083N,29LSEHO3083N1Z4,ESCOM,ESCOM/560058/000059
60,DORMANT,560100,TEXTILE,Balaji Fabrics Ltd,YJTFS1332D,,ESCOM,ESCOM/560100/000060
60,DORMANT,560100,TEXTILE,Balaji Fabrics Ltd,YJTFS1332D,,LABOUR,KR/BN/00060/000
61,ACTIVE,560100,PHARMACEUTICALS,Karnataka Engineering Private Limited,RSOHJ8879U,,BBMP,BBMP/560100/0061
61,ACTIVE,560100,PHARMACEUTICALS,Karnataka Engineering Private Limited,RSOHJ8879U,,ESCOM,ESCOM/560100/000061
61,ACTIVE,560100,PHARMACEUTICALS,Karnataka Engineering Private Limited,RSOHJ8879U,,LABOUR,KR/BN/00061/000
61,ACTIVE,560100,PHARMACEUTICALS,Karnataka Engineering Private Limited,RSOHJ8879U,,FACTORIES,KAR/FACT/560100/0061
62,DORMANT,560100,RUBBER_PLASTICS,Balaji Rubber International,VBZFU0451Y,29VBZFU0451Y3Z8,BBMP,BBMP/560100/0062
62,DORMANT,560100,RUBBER_PLASTICS,Balaji Rubber International,VBZFU0451Y,29VBZFU0451Y3Z8,ESCOM,ESCOM/560100/000062
62,DORMANT,560100,RUBBER_PLASTICS,Balaji Rubber International,VBZFU0451Y,29VBZFU0451Y3Z8,LABOUR,KR/BN/00062/000
63,ACTIVE,560100,ENGINEERING,Bangalore Foods Co,,,BBMP,BBMP/560100/0063
63,ACTIVE,560100,ENGINEERING,Bangalore Foods Co,,,ESCOM,ESCOM/560100/000063
63,ACTIVE,560100,ENGINEERING,Bangalore Foods Co,,,LABOUR,KR/BN/00063/000
63,ACTIVE,560100,ENGINEERING,Bangalore Foods Co,,,FACTORIES,KAR/FACT/560100/0063
64,ACTIVE,560058,ENGINEERING,Sri Leather Group,MQHPJ4862C,29MQHPJ4862C3ZS,ESCOM,ESCOM/560058/000064
64,ACTIVE,560058,ENGINEERING,Sri Leather Group,MQHPJ4862C,29MQHPJ4862C3ZS,FACTORIES,KAR/FACT/560058/0064
65,ACTIVE,560100,FOOD_PROCESSING,Royal Packaging Works,DBYCT4998S,29DBYCT4998S4ZA,BBMP,BBMP/560100/0065
65,ACTIVE,560100,FOOD_PROCESSING,Royal Packaging Works,DBYCT4998S,29DBYCT4998S4ZA,LABOUR,KR/BN/00065/000
66,ACTIVE,560058,ELECTRONICS,Premier Packaging Industries,WLWPX3400R,,BBMP,BBMP/560058/0066
66,ACTIVE,560058,ELECTRONICS,Premier Packaging Industries,WLWPX3400R,,ESCOM,ESCOM/560058/000066
66,ACTIVE,560058,ELECTRONICS,Premier Packaging Industries,WLWPX3400R,,LABOUR,KR/BN/00066/000
67,ACTIVE,560058,FOOD_PROCESSING,Mahalaxmi Steel Enterprises,KBBAW3446Q,,BBMP,BBMP/560058/0067
67,ACTIVE,560058,FOOD_PROCESSING,Mahalaxmi Steel Enterprises,KBBAW3446Q,,ESCOM,ESCOM/560058/000067
68,ACTIVE,560100,PAPER_PRINTING,KS Auto Parts Corporation,HXWAU0497Y,29HXWAU0497Y4Z3,BBMP,BBMP/560100/0068
68,ACTIVE,560100,PAPER_PRINTING,KS Auto Parts Corporation,HXWAU0497Y,29HXWAU0497Y4Z3,ESCOM,ESCOM/560100/000068
69,ACTIVE,560058,PAPER_PRINTING,New Engineering Ltd,KUXCX7755V,29KUXCX7755V7ZK,BBMP,BBMP/560058/0069
69,ACTIVE,560058,PAPER_PRINTING,New Engineering Ltd,KUXCX7755V,29KUXCX7755V7ZK,ESCOM,ESCOM/560058/000069
69,ACTIVE,560058,PAPER_PRINTING,New Engineering Ltd,KUXCX7755V,29KUXCX7755V7ZK,LABOUR,KR/BN/00069/000
70,ACTIVE,560100,PAPER_PRINTING,Global Foods Ltd,RMMCR9721V,29RMMCR9721V7ZM,BBMP,BBMP/560100/0070
70,ACTIVE,560100,PAPER_PRINTING,Global Foods Ltd,RMMCR9721V,29RMMCR9721V7ZM,LABOUR,KR/BN/00070/000
71,ACTIVE,560100,ELECTRONICS,Karnataka Pumps Works,GBXAH6047D,29GBXAH6047D3Z0,BBMP,BBMP/560100/0071
71,ACTIVE,560100,ELECTRONICS,Karnataka Pumps Works,GBXAH6047D,29GBXAH6047D3Z0,ESCOM,ESCOM/560100/000071
72,ACTIVE,560100,CHEMICALS,Srinivasa Garments International,KVYCB9349J,29KVYCB9349J1ZJ,BBMP,BBMP/560100/0072
72,ACTIVE,560100,CHEMICALS,Srinivasa Garments International,KVYCB9349J,29KVYCB9349J1ZJ,ESCOM,ESCOM/560100/000072
72,ACTIVE,560100,CHEMICALS,Srinivasa Garments International,KVYCB9349J,29KVYCB9349J1ZJ,LABOUR,KR/BN/00072/000
72,ACTIVE,560100,CHEMICALS,Srinivasa Garments International,KVYCB9349J,29KVYCB9349J1ZJ,FACTORIES,KAR/FACT/560100/0072
73,ACTIVE,560100,CHEMICALS,Karnataka Motors Pvt Ltd,TUOPY1664N,29TUOPY1664N2ZP,BBMP,BBMP/560100/0073
73,ACTIVE,560100,CHEMICALS,Karnataka Motors Pvt Ltd,TUOPY1664N,29TUOPY1664N2ZP,FACTORIES,KAR/FACT/560100/0073
74,DORMANT,560100,CHEMICALS,Premier Pipes Factory,,,BBMP,BBMP/560100/0074
74,DORMANT,560100,CHEMICALS,Premier Pipes Factory,,,ESCOM,ESCOM/560100/000074
74,DORMANT,560100,CHEMICALS,Premier Pipes Factory,,,LABOUR,KR/BN/00074/000
74,DORMANT,560100,CHEMICALS,Premier Pipes Factory,,,FACTORIES,KAR/FACT/560100/0074
75,ACTIVE,560100,AUTO_COMPONENTS,Sunrise Beverages Ltd,XTUAG7657Q,29XTUAG7657Q6Z4,ESCOM,ESCOM/560100/000075
75,ACTIVE,560100,AUTO_COMPONENTS,Sunrise Beverages Ltd,XTUAG7657Q,29XTUAG7657Q6Z4,FACTORIES,KAR/FACT/560100/0075
76,ACTIVE,560058,PAPER_PRINTING,Global Fabrics International,OORFJ7387S,,ESCOM,ESCOM/560058/000076
76,ACTIVE,560058,PAPER_PRINTING,Global Fabrics International,OORFJ7387S,,LABOUR,KR/BN/00076/000
77,ACTIVE,560100,PACKAGING,Venkateshwara Cables Private Limited,DWDAR3198Y,,BBMP,BBMP/560100/0077
77,ACTIVE,560100,PACKAGING,Venkateshwara Cables Private Limited,DWDAR3198Y,,ESCOM,ESCOM/560100/000077
78,ACTIVE,560100,ELECTRONICS,Southern Pipes Group,CAPPW8204R,,ESCOM,ESCOM/560100/000078
78,ACTIVE,560100,ELECTRONICS,Southern Pipes Group,CAPPW8204R,,LABOUR,KR/BN/00078/000
79,ACTIVE,560100,ELECTRONICS,KS Electricals Co,WXQAN5036M,29WXQAN5036M6ZQ,BBMP,BBMP/560100/0079
79,ACTIVE,560100,ELECTRONICS,KS Electricals Co,WXQAN5036M,29WXQAN5036M6ZQ,ESCOM,ESCOM/560100/000079
80,ACTIVE,560058,PHARMACEUTICALS,Southern Garments Works,FQXHL0712V,29FQXHL0712V1Z4,BBMP,BBMP/560058/0080
80,ACTIVE,560058,PHARMACEUTICALS,Southern Garments Works,FQXHL0712V,29FQXHL0712V1Z4,ESCOM,ESCOM/560058/000080
80,ACTIVE,560058,PHARMACEUTICALS,Southern Garments Works,FQXHL0712V,29FQXHL0712V1Z4,LABOUR,KR/BN/00080/000
80,ACTIVE,560058,PHARMACEUTICALS,Southern Garments Works,FQXHL0712V,29FQXHL0712V1Z4,FACTORIES,KAR/FACT/560058/0080
81,ACTIVE,560058,ELECTRONICS,Southern Foods & Co,KGICJ3532Q,29KGICJ3532Q8Z6,BBMP,BBMP/560058/0081
81,ACTIVE,560058,ELECTRONICS,Southern Foods & Co,KGICJ3532Q,29KGICJ3532Q8Z6,ESCOM,ESCOM/560058/000081
81,ACTIVE,560058,ELECTRONICS,Southern Foods & Co,KGICJ3532Q,29KGICJ3532Q8Z6,LABOUR,KR/BN/00081/000
82,CLOSED,560058,FOOD_PROCESSING,Shree Chemicals Works,VMRAV3747X,29VMRAV3747X3ZM,BBMP,BBMP/560058/0082
82,CLOSED,560058,FOOD_PROCESSING,Shree Chemicals Works,VMRAV3747X,29VMRAV3747X3ZM,ESCOM,ESCOM/560058/000082
82,CLOSED,560058,FOOD_PROCESSING,Shree Chemicals Works,VMRAV3747X,29VMRAV3747X3ZM,LABOUR,KR/BN/00082/000
83,ACTIVE,560058,TEXTILE,Royal Textiles Traders,,,BBMP,BBMP/560058/0083
83,ACTIVE,560058,TEXTILE,Royal Textiles Traders,,,ESCOM,ESCOM/560058/000083
83,ACTIVE,560058,TEXTILE,Royal Textiles Traders,,,LABOUR,KR/BN/00083/000
84,ACTIVE,560058,RUBBER_PLASTICS,Modern Metals Industries,,,BBMP,BBMP/560058/0084
85,CLOSED,560100,CHEMICALS,Janatha Steel Pvt Ltd,HVCCU7035B,29HVCCU7035B3Z5,BBMP,BBMP/560100/0085
85,CLOSED,560100,CHEMICALS,Janatha Steel Pvt Ltd,HVCCU7035B,29HVCCU7035B3Z5,ESCOM,ESCOM/560100/000085
85,CLOSED,560100,CHEMICALS,Janatha Steel Pvt Ltd,HVCCU7035B,29HVCCU7035B3Z5,FACTORIES,KAR/FACT/560100/0085
86,ACTIVE,560100,CHEMICALS,Sri Fabrics Co,,,BBMP,BBMP/560100/0086
86,ACTIVE,560100,CHEMICALS,Sri Fabrics Co,,,ESCOM,ESCOM/560100/000086
86,ACTIVE,560100,CHEMICALS,Sri Fabrics Co,,,FACTORIES,KAR/FACT/560100/0086
87,ACTIVE,560100,RUBBER_PLASTICS,JSW Steel Group,,,BBMP,BBMP/560100/0087
87,ACTIVE,560100,RUBBER_PLASTICS,JSW Steel Group,,,ESCOM,ESCOM/560100/000087
87,ACTIVE,560100,RUBBER_PLASTICS,JSW Steel Group,,,LABOUR,KR/BN/00087/000
88,ACTIVE,560100,PHARMACEUTICALS,Global Beverages Enterprises,,,ESCOM,ESCOM/560100/000088
88,ACTIVE,560100,PHARMACEUTICALS,Global Beverages Enterprises,,,LABOUR,KR/BN/00088/000
88,ACTIVE,560100,PHARMACEUTICALS,Global Beverages Enterprises,,,FACTORIES,KAR/FACT/560100/0088
89,ACTIVE,560100,AUTO_COMPONENTS,Mahalaxmi Fabrics Industries,,,BBMP,BBMP/560100/0089
89,ACTIVE,560100,AUTO_COMPONENTS,Mahalaxmi Fabrics Industries,,,FACTORIES,KAR/FACT/560100/0089
90,ACTIVE,560100,PACKAGING,Shree Pharmaceuticals Traders,REGCI4044P,29REGCI4044P6ZG,BBMP,BBMP/560100/0090
91,DORMANT,560100,PAPER_PRINTING,Infosys Motors Corporation,YFIAM9264S,29YFIAM9264S6ZO,BBMP,BBMP/560100/0091
91,DORMANT,560100,PAPER_PRINTING,Infosys Motors Corporation,YFIAM9264S,29YFIAM9264S6ZO,ESCOM,ESCOM/560100/000091
91,DORMANT,560100,PAPER_PRINTING,Infosys Motors Corporation,YFIAM9264S,29YFIAM9264S6ZO,LABOUR,KR/BN/00091/000
92,DORMANT,560058,PHARMACEUTICALS,New Foods Manufacturers,QGRCW4345S,29QGRCW4345S9ZQ,BBMP,BBMP/560058/0092
92,DORMANT,560058,PHARMACEUTICALS,New Foods Manufacturers,QGRCW4345S,29QGRCW4345S9ZQ,ESCOM,ESCOM/560058/000092
92,DORMANT,560058,PHARMACEUTICALS,New Foods Manufacturers,QGRCW4345S,29QGRCW4345S9ZQ,LABOUR,KR/BN/00092/000
93,ACTIVE,560100,FOOD_PROCESSING,Srinivasa Rubber Industries,,,BBMP,BBMP/560100/0093
93,ACTIVE,560100,FOOD_PROCESSING,Srinivasa Rubber Industries,,,ESCOM,ESCOM/560100/000093
94,ACTIVE,560058,AUTO_COMPONENTS,Shree Auto Parts Pvt Ltd,LFMHP0740B,29LFMHP0740B2Z1,BBMP,BBMP/560058/0094
94,ACTIVE,560058,AUTO_COMPONENTS,Shree Auto Parts Pvt Ltd,LFMHP0740B,29LFMHP0740B2Z1,ESCOM,ESCOM/560058/000094
94,ACTIVE,560058,AUTO_COMPONENTS,Shree Auto Parts Pvt Ltd,LFMHP0740B,29LFMHP0740B2Z1,LABOUR,KR/BN/00094/000
94,ACTIVE,560058,AUTO_COMPONENTS,Shree Auto Parts Pvt Ltd,LFMHP0740B,29LFMHP0740B2Z1,FACTORIES,KAR/FACT/560058/0094
95,ACTIVE,560100,PHARMACEUTICALS,Bengaluru Motors Traders,LLACG2780D,29LLACG2780D9ZB,BBMP,BBMP/560100/0095
95,ACTIVE,560100,PHARMACEUTICALS,Bengaluru Motors Traders,LLACG2780D,29LLACG2780D9ZB,ESCOM,ESCOM/560100/000095
95,ACTIVE,560100,PHARMACEUTICALS,Bengaluru Motors Traders,LLACG2780D,29LLACG2780D9ZB,LABOUR,KR/BN/00095/000
95,ACTIVE,560100,PHARMACEUTICALS,Bengaluru Motors Traders,LLACG2780D,29LLACG2780D9ZB,FACTORIES,KAR/FACT/560100/0095
96,ACTIVE,560100,PAPER_PRINTING,Mahalaxmi Packaging Enterprises,CDDAJ1313T,,BBMP,BBMP/560100/0096
96,ACTIVE,560100,PAPER_PRINTING,Mahalaxmi Packaging Enterprises,CDDAJ1313T,,ESCOM,ESCOM/560100/000096
96,ACTIVE,560100,PAPER_PRINTING,Mahalaxmi Packaging Enterprises,CDDAJ1313T,,LABOUR,KR/BN/00096/000
97,ACTIVE,560100,CHEMICALS,Balaji Electronics Enterprises,DVZFQ6447O,29DVZFQ6447O2Z1,BBMP,BBMP/560100/0097
97,ACTIVE,560100,CHEMICALS,Balaji Electronics Enterprises,DVZFQ6447O,29DVZFQ6447O2Z1,ESCOM,ESCOM/560100/000097
97,ACTIVE,560100,CHEMICALS,Balaji Electronics Enterprises,DVZFQ6447O,29DVZFQ6447O2Z1,LABOUR,KR/BN/00097/000
97,ACTIVE,560100,CHEMICALS,Balaji Electronics Enterprises,DVZFQ6447O,29DVZFQ6447O2Z1,FACTORIES,KAR/FACT/560100/0097
98,ACTIVE,560058,PAPER_PRINTING,Mahalaxmi Chemicals Group,CVTFJ8028C,29CVTFJ8028C2ZF,BBMP,BBMP/560058/0098
98,ACTIVE,560058,PAPER_PRINTING,Mahalaxmi Chemicals Group,CVTFJ8028C,29CVTFJ8028C2ZF,ESCOM,ESCOM/560058/000098
98,ACTIVE,560058,PAPER_PRINTING,Mahalaxmi Chemicals Group,CVTFJ8028C,29CVTFJ8028C2ZF,LABOUR,KR/BN/00098/000
99,ACTIVE,560058,ELECTRONICS,Janatha Garments Factory,HGWHV8174B,29HGWHV8174B3Z8,BBMP,BBMP/560058/0099
99,ACTIVE,560058,ELECTRONICS,Janatha Garments Factory,HGWHV8174B,29HGWHV8174B3Z8,ESCOM,ESCOM/560058/000099
99,ACTIVE,560058,ELECTRONICS,Janatha Garments Factory,HGWHV8174B,29HGWHV8174B3Z8,LABOUR,KR/BN/00099/000
100,DORMANT,560100,PACKAGING,Infosys Foundry Pvt Ltd,LMPHY8096W,29LMPHY8096W2ZY,BBMP,BBMP/560100/0100
100,DORMANT,560100,PACKAGING,Infosys Foundry Pvt Ltd,LMPHY8096W,29LMPHY8096W2ZY,ESCOM,ESCOM/560100/000100
100,DORMANT,560100,PACKAGING,Infosys Foundry Pvt Ltd,LMPHY8096W,29LMPHY8096W2ZY,LABOUR,KR/BN/00100/000
101,ACTIVE,560100,AUTO_COMPONENTS,Indian Ceramics Group,,,BBMP,BBMP/560100/0101
101,ACTIVE,560100,AUTO_COMPONENTS,Indian Ceramics Group,,,ESCOM,ESCOM/560100/000101
101,ACTIVE,560100,AUTO_COMPONENTS,Indian Ceramics Group,,,LABOUR,KR/BN/00101/000
102,CLOSED,560058,CHEMICALS,Lakshmi Leather Enterprises,,,BBMP,BBMP/560058/0102
103,ACTIVE,560058,RUBBER_PLASTICS,Raghavendra Foundry Industries,SMFFC7138E,29SMFFC7138E3Z9,ESCOM,ESCOM/560058/000103
104,ACTIVE,560100,PAPER_PRINTING,Raghavendra Foundry Corporation,JLUFH2056T,29JLUFH2056T1ZJ,BBMP,BBMP/560100/0104
104,ACTIVE,560100,PAPER_PRINTING,Raghavendra Foundry Corporation,JLUFH2056T,29JLUFH2056T1ZJ,ESCOM,ESCOM/560100/000104
104,ACTIVE,560100,PAPER_PRINTING,Raghavendra Foundry Corporation,JLUFH2056T,29JLUFH2056T1ZJ,LABOUR,KR/BN/00104/000
105,ACTIVE,560058,PHARMACEUTICALS,Infosys Engineering Ltd,DWOHL5149C,,ESCOM,ESCOM/560058/000105
105,ACTIVE,560058,PHARMACEUTICALS,Infosys Engineering Ltd,DWOHL5149C,,LABOUR,KR/BN/00105/000
105,ACTIVE,560058,PHARMACEUTICALS,Infosys Engineering Ltd,DWOHL5149C,,FACTORIES,KAR/FACT/560058/0105
106,ACTIVE,560100,PACKAGING,New Steel Pvt Ltd,ZEICS6860W,29ZEICS6860W4Z3,BBMP,BBMP/560100/0106
106,ACTIVE,560100,PACKAGING,New Steel Pvt Ltd,ZEICS6860W,29ZEICS6860W4Z3,ESCOM,ESCOM/560100/000106
106,ACTIVE,560100,PACKAGING,New Steel Pvt Ltd,ZEICS6860W,29ZEICS6860W4Z3,LABOUR,KR/BN/00106/000
107,DORMANT,560058,TEXTILE,New Electricals & Co,EDUHI7183N,29EDUHI7183N2ZG,BBMP,BBMP/560058/0107
107,DORMANT,560058,TEXTILE,New Electricals & Co,EDUHI7183N,29EDUHI7183N2ZG,LABOUR,KR/BN/00107/000
108,CLOSED,560058,CHEMICALS,Royal Engineering International,GMJPE1908W,29GMJPE1908W7ZE,BBMP,BBMP/560058/0108
108,CLOSED,560058,CHEMICALS,Royal Engineering International,GMJPE1908W,29GMJPE1908W7ZE,ESCOM,ESCOM/560058/000108
108,CLOSED,560058,CHEMICALS,Royal Engineering International,GMJPE1908W,29GMJPE1908W7ZE,FACTORIES,KAR/FACT/560058/0108
109,ACTIVE,560058,PACKAGING,Lakshmi Foundry Corporation,JHUPX6454Y,29JHUPX6454Y9ZF,BBMP,BBMP/560058/0109
109,ACTIVE,560058,PACKAGING,Lakshmi Foundry Corporation,JHUPX6454Y,29JHUPX6454Y9ZF,ESCOM,ESCOM/560058/000109
109,ACTIVE,560058,PACKAGING,Lakshmi Foundry Corporation,JHUPX6454Y,29JHUPX6454Y9ZF,LABOUR,KR/BN/00109/000
110,DORMANT,560058,PACKAGING,United Pipes & Co,ZDHPB9857L,29ZDHPB9857L2Z6,BBMP,BBMP/560058/0110
110,DORMANT,560058,PACKAGING,United Pipes & Co,ZDHPB9857L,29ZDHPB9857L2Z6,ESCOM,ESCOM/560058/000110
110,DORMANT,560058,PACKAGING,United Pipes & Co,ZDHPB9857L,29ZDHPB9857L2Z6,LABOUR,KR/BN/00110/000
111,ACTIVE,560100,AUTO_COMPONENTS,Southern Motors Traders,,,ESCOM,ESCOM/560100/000111
111,ACTIVE,560100,AUTO_COMPONENTS,Southern Motors Traders,,,LABOUR,KR/BN/00111/000
111,ACTIVE,560100,AUTO_COMPONENTS,Southern Motors Traders,,,FACTORIES,KAR/FACT/560100/0111
112,CLOSED,560058,PHARMACEUTICALS,KS Foundry Limited,BVIAC7930J,29BVIAC7930J3Z1,ESCOM,ESCOM/560058/000112
112,CLOSED,560058,PHARMACEUTICALS,KS Foundry Limited,BVIAC7930J,29BVIAC7930J3Z1,LABOUR,KR/BN/00112/000
113,DORMANT,560058,ELECTRONICS,Peoples Steel Enterprises,,,ESCOM,ESCOM/560058/000113
113,DORMANT,560058,ELECTRONICS,Peoples Steel Enterprises,,,LABOUR,KR/BN/00113/000
114,ACTIVE,560100,TEXTILE,Venkateshwara Paper Traders,XHLCE0622N,29XHLCE0622N8Z3,BBMP,BBMP/560100/0114
114,ACTIVE,560100,TEXTILE,Venkateshwara Paper Traders,XHLCE0622N,29XHLCE0622N8Z3,ESCOM,ESCOM/560100/000114
115,ACTIVE,560058,PACKAGING,Janatha Paints Enterprises,EIFHZ7095Y,29EIFHZ7095Y4ZA,BBMP,BBMP/560058/0115
115,ACTIVE,560058,PACKAGING,Janatha Paints Enterprises,EIFHZ7095Y,29EIFHZ7095Y4ZA,ESCOM,ESCOM/560058/000115
116,ACTIVE,560058,PAPER_PRINTING,United Motors Traders,XASHS5519P,29XASHS5519P3ZV,ESCOM,ESCOM/560058/000116
117,ACTIVE,560058,AUTO_COMPONENTS,New Electronics International,WYJAV3131F,29WYJAV3131F7ZV,BBMP,BBMP/560058/0117
117,ACTIVE,560058,AUTO_COMPONENTS,New Electronics International,WYJAV3131F,29WYJAV3131F7ZV,ESCOM,ESCOM/560058/000117
117,ACTIVE,560058,AUTO_COMPONENTS,New Electronics International,WYJAV3131F,29WYJAV3131F7ZV,LABOUR,KR/BN/00117/000
118,ACTIVE,560058,PACKAGING,KS Pipes & Co,KZZAB1386U,29KZZAB1386U8Z9,BBMP,BBMP/560058/0118
118,ACTIVE,560058,PACKAGING,KS Pipes & Co,KZZAB1386U,29KZZAB1386U8Z9,ESCOM,ESCOM/560058/000118
118,ACTIVE,560058,PACKAGING,KS Pipes & Co,KZZAB1386U,29KZZAB1386U8Z9,LABOUR,KR/BN/00118/000
119,ACTIVE,560100,PHARMACEUTICALS,Shree Chemicals Ltd,BLKPF8435D,29BLKPF8435D4ZA,BBMP,BBMP/560100/0119
119,ACTIVE,560100,PHARMACEUTICALS,Shree Chemicals Ltd,BLKPF8435D,29BLKPF8435D4ZA,ESCOM,ESCOM/560100/000119
120,ACTIVE,560058,RUBBER_PLASTICS,Indian Fabrics Enterprises,ECFFG4595V,29ECFFG4595V4Z6,ESCOM,ESCOM/560058/000120
120,ACTIVE,560058,RUBBER_PLASTICS,Indian Fabrics Enterprises,ECFFG4595V,29ECFFG4595V4Z6,LABOUR,KR/BN/00120/000
121,ACTIVE,560100,ELECTRONICS,Mahalaxmi Textiles Ltd,UMXHI0518L,,BBMP,BBMP/560100/0121
121,ACTIVE,560100,ELECTRONICS,Mahalaxmi Textiles Ltd,UMXHI0518L,,ESCOM,ESCOM/560100/000121
122,ACTIVE,560058,ENGINEERING,Raghavendra Packaging Group,KNWAP5223W,,BBMP,BBMP/560058/0122
122,ACTIVE,560058,ENGINEERING,Raghavendra Packaging Group,KNWAP5223W,,LABOUR,KR/BN/00122/000
123,ACTIVE,560058,ELECTRONICS,Balaji Garments Traders,ISUHC3332O,29ISUHC3332O1ZX,BBMP,BBMP/560058/0123
123,ACTIVE,560058,ELECTRONICS,Balaji Garments Traders,ISUHC3332O,29ISUHC3332O1ZX,ESCOM,ESCOM/560058/000123
123,ACTIVE,560058,ELECTRONICS,Balaji Garments Traders,ISUHC3332O,29ISUHC3332O1ZX,LABOUR,KR/BN/00123/000
124,ACTIVE,560058,CHEMICALS,United Printing International,AHDFT6438W,,BBMP,BBMP/560058/0124
124,ACTIVE,560058,CHEMICALS,United Printing International,AHDFT6438W,,ESCOM,ESCOM/560058/000124
124,ACTIVE,560058,CHEMICALS,United Printing International,AHDFT6438W,,LABOUR,KR/BN/00124/000
124,ACTIVE,560058,CHEMICALS,United Printing International,AHDFT6438W,,FACTORIES,KAR/FACT/560058/0124
125,CLOSED,560058,FOOD_PROCESSING,KS Pipes Manufacturers,XKMCQ8851J,29XKMCQ8851J7Z8,BBMP,BBMP/560058/0125
125,CLOSED,560058,FOOD_PROCESSING,KS Pipes Manufacturers,XKMCQ8851J,29XKMCQ8851J7Z8,ESCOM,ESCOM/560058/000125
126,DORMANT,560100,ELECTRONICS,Bangalore Packaging Corporation,JPECP5318X,29JPECP5318X2ZI,BBMP,BBMP/560100/0126
126,DORMANT,560100,ELECTRONICS,Bangalore Packaging Corporation,JPECP5318X,29JPECP5318X2ZI,ESCOM,ESCOM/560100/000126
127,ACTIVE,560058,CHEMICALS,Srinivasa Metals Works,UFPAJ7728L,29UFPAJ7728L4ZT,ESCOM,ESCOM/560058/000127
127,ACTIVE,560058,CHEMICALS,Srinivasa Metals Works,UFPAJ7728L,29UFPAJ7728L4ZT,LABOUR,KR/BN/00127/000
127,ACTIVE,560058,CHEMICALS,Srinivasa Metals Works,UFPAJ7728L,29UFPAJ7728L4ZT,FACTORIES,KAR/FACT/560058/0127
128,CLOSED,560100,CHEMICALS,Raghavendra Engineering Manufacturers,RYQHG1788Z,29RYQHG1788Z7ZK,BBMP,BBMP/560100/0128
128,CLOSED,560100,CHEMICALS,Raghavendra Engineering Manufacturers,RYQHG1788Z,29RYQHG1788Z7ZK,ESCOM,ESCOM/560100/000128
128,CLOSED,560100,CHEMICALS,Raghavendra Engineering Manufacturers,RYQHG1788Z,29RYQHG1788Z7ZK,LABOUR,KR/BN/00128/000
128,CLOSED,560100,CHEMICALS,Raghavendra Engineering Manufacturers,RYQHG1788Z,29RYQHG1788Z7ZK,FACTORIES,KAR/FACT/560100/0128
129,ACTIVE,560058,AUTO_COMPONENTS,Star Paints Ltd,ECDAI7599K,29ECDAI7599K4ZM,BBMP,BBMP/560058/0129
129,ACTIVE,560058,AUTO_COMPONENTS,Star Paints Ltd,ECDAI7599K,29ECDAI7599K4ZM,ESCOM,ESCOM/560058/000129
129,ACTIVE,560058,AUTO_COMPONENTS,Star Paints Ltd,ECDAI7599K,29ECDAI7599K4ZM,FACTORIES,KAR/FACT/560058/0129
130,ACTIVE,560058,PHARMACEUTICALS,Indian Foods Works,DFKCS8918F,29DFKCS8918F8ZL,ESCOM,ESCOM/560058/000130
130,ACTIVE,560058,PHARMACEUTICALS,Indian Foods Works,DFKCS8918F,29DFKCS8918F8ZL,LABOUR,KR/BN/00130/000
131,ACTIVE,560100,ENGINEERING,Balaji Rubber Traders,NSYPK7500X,,BBMP,BBMP/560100/0131
131,ACTIVE,560100,ENGINEERING,Balaji Rubber Traders,NSYPK7500X,,ESCOM,ESCOM/560100/000131
131,ACTIVE,560100,ENGINEERING,Balaji Rubber Traders,NSYPK7500X,,FACTORIES,KAR/FACT/560100/0131
132,ACTIVE,560100,PHARMACEUTICALS,Star Furniture Factory,EXVCA2717S,29EXVCA2717S2ZN,ESCOM,ESCOM/560100/000132
132,ACTIVE,560100,PHARMACEUTICALS,Star Furniture Factory,EXVCA2717S,29EXVCA2717S2ZN,FACTORIES,KAR/FACT/560100/0132
133,ACTIVE,560058,TEXTILE,New Engineering Traders,FRACN6626E,29FRACN6626E2ZW,BBMP,BBMP/560058/0133
133,ACTIVE,560058,TEXTILE,New Engineering Traders,FRACN6626E,29FRACN6626E2ZW,ESCOM,ESCOM/560058/000133
133,ACTIVE,560058,TEXTILE,New Engineering Traders,FRACN6626E,29FRACN6626E2ZW,LABOUR,KR/BN/00133/000
134,ACTIVE,560058,AUTO_COMPONENTS,New Metals Limited,IARFD8610Q,,BBMP,BBMP/560058/0134
134,ACTIVE,560058,AUTO_COMPONENTS,New Metals Limited,IARFD8610Q,,ESCOM,ESCOM/560058/000134
134,ACTIVE,560058,AUTO_COMPONENTS,New Metals Limited,IARFD8610Q,,FACTORIES,KAR/FACT/560058/0134
135,ACTIVE,560100,AUTO_COMPONENTS,Janatha Ceramics Enterprises,,,BBMP,BBMP/560100/0135
135,ACTIVE,560100,AUTO_COMPONENTS,Janatha Ceramics Enterprises,,,ESCOM,ESCOM/560100/000135
135,ACTIVE,560100,AUTO_COMPONENTS,Janatha Ceramics Enterprises,,,FACTORIES,KAR/FACT/560100/0135
136,DORMANT,560100,FOOD_PROCESSING,Mahalaxmi Steel Traders,CSBCF1945O,,BBMP,BBMP/560100/0136
136,DORMANT,560100,FOOD_PROCESSING,Mahalaxmi Steel Traders,CSBCF1945O,,ESCOM,ESCOM/560100/000136
136,DORMANT,560100,FOOD_PROCESSING,Mahalaxmi Steel Traders,CSBCF1945O,,LABOUR,KR/BN/00136/000
137,ACTIVE,560100,ENGINEERING,Indian Metals Manufacturers,,,BBMP,BBMP/560100/0137
137,ACTIVE,560100,ENGINEERING,Indian Metals Manufacturers,,,ESCOM,ESCOM/560100/000137
137,ACTIVE,560100,ENGINEERING,Indian Metals Manufacturers,,,LABOUR,KR/BN/00137/000
137,ACTIVE,560100,ENGINEERING,Indian Metals Manufacturers,,,FACTORIES,KAR/FACT/560100/0137
138,ACTIVE,560058,PACKAGING,Raghavendra Pipes Ltd,BQEAP8804H,29BQEAP8804H5Z3,BBMP,BBMP/560058/0138
138,ACTIVE,560058,PACKAGING,Raghavendra Pipes Ltd,BQEAP8804H,29BQEAP8804H5Z3,LABOUR,KR/BN/00138/000
139,DORMANT,560058,PHARMACEUTICALS,Mphasis Plastics Pvt Ltd,OVUAT6856O,29OVUAT6856O6Z3,BBMP,BBMP/560058/0139
139,DORMANT,560058,PHARMACEUTICALS,Mphasis Plastics Pvt Ltd,OVUAT6856O,29OVUAT6856O6Z3,ESCOM,ESCOM/560058/000139
139,DORMANT,560058,PHARMACEUTICALS,Mphasis Plastics Pvt Ltd,OVUAT6856O,29OVUAT6856O6Z3,LABOUR,KR/BN/00139/000
139,DORMANT,560058,PHARMACEUTICALS,Mphasis Plastics Pvt Ltd,OVUAT6856O,29OVUAT6856O6Z3,FACTORIES,KAR/FACT/560058/0139
140,DORMANT,560058,TEXTILE,JSW Packaging Corporation,,,BBMP,BBMP/560058/0140
140,DORMANT,560058,TEXTILE,JSW Packaging Corporation,,,ESCOM,ESCOM/560058/000140
141,ACTIVE,560100,ELECTRONICS,Mphasis Pumps Group,,,BBMP,BBMP/560100/0141
141,ACTIVE,560100,ELECTRONICS,Mphasis Pumps Group,,,ESCOM,ESCOM/560100/000141
141,ACTIVE,560100,ELECTRONICS,Mphasis Pumps Group,,,LABOUR,KR/BN/00141/000
142,ACTIVE,560100,TEXTILE,National Pipes Industries,REVCD3685M,29REVCD3685M4ZH,ESCOM,ESCOM/560100/000142
142,ACTIVE,560100,TEXTILE,National Pipes Industries,REVCD3685M,29REVCD3685M4ZH,LABOUR,KR/BN/00142/000
143,DORMANT,560100,RUBBER_PLASTICS,United Plastics & Co,ZQYCQ5677R,29ZQYCQ5677R7ZY,LABOUR,KR/BN/00143/000
144,ACTIVE,560058,CHEMICALS,Raghavendra Chemicals Private Limited,,,BBMP,BBMP/560058/0144
144,ACTIVE,560058,CHEMICALS,Raghavendra Chemicals Private Limited,,,ESCOM,ESCOM/560058/000144
144,ACTIVE,560058,CHEMICALS,Raghavendra Chemicals Private Limited,,,LABOUR,KR/BN/00144/000
145,ACTIVE,560100,TEXTILE,Southern Steel Traders,,,BBMP,BBMP/560100/0145
145,ACTIVE,560100,TEXTILE,Southern Steel Traders,,,ESCOM,ESCOM/560100/000145
145,ACTIVE,560100,TEXTILE,Southern Steel Traders,,,LABOUR,KR/BN/00145/000
146,ACTIVE,560058,ELECTRONICS,KS Foundry Private Limited,,,ESCOM,ESCOM/560058/000146
147,ACTIVE,560058,TEXTILE,Balaji Plastics Factory,NYNHZ5450H,29NYNHZ5450H6ZL,BBMP,BBMP/560058/0147
147,ACTIVE,560058,TEXTILE,Balaji Plastics Factory,NYNHZ5450H,29NYNHZ5450H6ZL,ESCOM,ESCOM/560058/000147
147,ACTIVE,560058,TEXTILE,Balaji Plastics Factory,NYNHZ5450H,29NYNHZ5450H6ZL,LABOUR,KR/BN/00147/000
148,ACTIVE,560058,AUTO_COMPONENTS,Mphasis Beverages International,SANAY3840U,,BBMP,BBMP/560058/0148
148,ACTIVE,560058,AUTO_COMPONENTS,Mphasis Beverages International,SANAY3840U,,ESCOM,ESCOM/560058/000148
148,ACTIVE,560058,AUTO_COMPONENTS,Mphasis Beverages International,SANAY3840U,,LABOUR,KR/BN/00148/000
149,DORMANT,560058,PACKAGING,Peoples Engineering Ltd,,,BBMP,BBMP/560058/0149
149,DORMANT,560058,PACKAGING,Peoples Engineering Ltd,,,ESCOM,ESCOM/560058/000149
149,DORMANT,560058,PACKAGING,Peoples Engineering Ltd,,,LABOUR,KR/BN/00149/000
150,DORMANT,560100,PACKAGING,Infosys Foundry Co,ASBAX5709D,29ASBAX5709D5Z5,BBMP,BBMP/560100/0150
150,DORMANT,560100,PACKAGING,Infosys Foundry Co,ASBAX5709D,29ASBAX5709D5Z5,ESCOM,ESCOM/560100/000150
150,DORMANT,560100,PACKAGING,Infosys Foundry Co,ASBAX5709D,29ASBAX5709D5Z5,LABOUR,KR/BN/00150/000
151,ACTIVE,560100,RUBBER_PLASTICS,KS Leather Private Limited,DBOAM5937X,29DBOAM5937X7ZW,LABOUR,KR/BN/00151/000
152,ACTIVE,560058,RUBBER_PLASTICS,Mphasis Leather Works,MIDAU2201P,29MIDAU2201P5Z9,ESCOM,ESCOM/560058/000152
152,ACTIVE,560058,RUBBER_PLASTICS,Mphasis Leather Works,MIDAU2201P,29MIDAU2201P5Z9,LABOUR,KR/BN/00152/000
153,CLOSED,560100,CHEMICALS,Peoples Packaging Private Limited,OEPFI8152U,,BBMP,BBMP/560100/0153
153,CLOSED,560100,CHEMICALS,Peoples Packaging Private Limited,OEPFI8152U,,ESCOM,ESCOM/560100/000153
153,CLOSED,560100,CHEMICALS,Peoples Packaging Private Limited,OEPFI8152U,,LABOUR,KR/BN/00153/000
154,ACTIVE,560100,FOOD_PROCESSING,Titan Steel Ltd,,,BBMP,BBMP/560100/0154
154,ACTIVE,560100,FOOD_PROCESSING,Titan Steel Ltd,,,ESCOM,ESCOM/560100/000154
154,ACTIVE,560100,FOOD_PROCESSING,Titan Steel Ltd,,,LABOUR,KR/BN/00154/000
155,ACTIVE,560058,PHARMACEUTICALS,Venkateshwara Electronics Factory,,,ESCOM,ESCOM/560058/000155
155,ACTIVE,560058,PHARMACEUTICALS,Venkateshwara Electronics Factory,,,LABOUR,KR/BN/00155/000
155,ACTIVE,560058,PHARMACEUTICALS,Venkateshwara Electronics Factory,,,FACTORIES,KAR/FACT/560058/0155
156,DORMANT,560100,TEXTILE,Sri Leather Enterprises,POJHM3685M,29POJHM3685M4ZX,BBMP,BBMP/560100/0156
156,DORMANT,560100,TEXTILE,Sri Leather Enterprises,POJHM3685M,29POJHM3685M4ZX,ESCOM,ESCOM/560100/000156
156,DORMANT,560100,TEXTILE,Sri Leather Enterprises,POJHM3685M,29POJHM3685M4ZX,LABOUR,KR/BN/00156/000
157,CLOSED,560058,ELECTRONICS,Lakshmi Furniture Co,RKIPD4421N,,BBMP,BBMP/560058/0157
157,CLOSED,560058,ELECTRONICS,Lakshmi Furniture Co,RKIPD4421N,,LABOUR,KR/BN/00157/000
158,ACTIVE,560058,RUBBER_PLASTICS,Infosys Rubber Factory,ZWEAN6781V,29ZWEAN6781V3ZL,BBMP,BBMP/560058/0158
159,ACTIVE,560100,FOOD_PROCESSING,Sunrise Engineering Private Limited,CRXPR8876Q,29CRXPR8876Q1ZX,BBMP,BBMP/560100/0159
159,ACTIVE,560100,FOOD_PROCESSING,Sunrise Engineering Private Limited,CRXPR8876Q,29CRXPR8876Q1ZX,ESCOM,ESCOM/560100/000159
159,ACTIVE,560100,FOOD_PROCESSING,Sunrise Engineering Private Limited,CRXPR8876Q,29CRXPR8876Q1ZX,LABOUR,KR/BN/00159/000
160,ACTIVE,560058,PACKAGING,Balaji Chemicals Manufacturers,ATACQ1066K,29ATACQ1066K2Z9,BBMP,BBMP/560058/0160
160,ACTIVE,560058,PACKAGING,Balaji Chemicals Manufacturers,ATACQ1066K,29ATACQ1066K2Z9,ESCOM,ESCOM/560058/000160
160,ACTIVE,560058,PACKAGING,Balaji Chemicals Manufacturers,ATACQ1066K,29ATACQ1066K2Z9,LABOUR,KR/BN/00160/000
161,ACTIVE,560100,ELECTRONICS,Wipro Printing Group,PUKHE8674W,29PUKHE8674W2ZD,BBMP,BBMP/560100/0161
161,ACTIVE,560100,ELECTRONICS,Wipro Printing Group,PUKHE8674W,29PUKHE8674W2ZD,ESCOM,ESCOM/560100/000161
162,DORMANT,560058,ENGINEERING,Peoples Electricals Manufacturers,AJZAT6290Y,29AJZAT6290Y8ZS,ESCOM,ESCOM/560058/000162
162,DORMANT,560058,ENGINEERING,Peoples Electricals Manufacturers,AJZAT6290Y,29AJZAT6290Y8ZS,LABOUR,KR/BN/00162/000
163,CLOSED,560058,AUTO_COMPONENTS,Bengaluru Leather Industries,KFAFW0028S,29KFAFW0028S5ZE,BBMP,BBMP/560058/0163
163,CLOSED,560058,AUTO_COMPONENTS,Bengaluru Leather Industries,KFAFW0028S,29KFAFW0028S5ZE,ESCOM,ESCOM/560058/000163
163,CLOSED,560058,AUTO_COMPONENTS,Bengaluru Leather Industries,KFAFW0028S,29KFAFW0028S5ZE,LABOUR,KR/BN/00163/000
164,ACTIVE,560100,ENGINEERING,Janatha Furniture Limited,TYLCO8842M,29TYLCO8842M4ZE,BBMP,BBMP/560100/0164
164,ACTIVE,560100,ENGINEERING,Janatha Furniture Limited,TYLCO8842M,29TYLCO8842M4ZE,ESCOM,ESCOM/560100/000164
164,ACTIVE,560100,ENGINEERING,Janatha Furniture Limited,TYLCO8842M,29TYLCO8842M4ZE,FACTORIES,KAR/FACT/560100/0164
165,ACTIVE,560100,ENGINEERING,Modern Electronics Manufacturers,MFTCI2226E,29MFTCI2226E2Z5,BBMP,BBMP/560100/0165
165,ACTIVE,560100,ENGINEERING,Modern Electronics Manufacturers,MFTCI2226E,29MFTCI2226E2Z5,ESCOM,ESCOM/560100/000165
165,ACTIVE,560100,ENGINEERING,Modern Electronics Manufacturers,MFTCI2226E,29MFTCI2226E2Z5,FACTORIES,KAR/FACT/560100/0165
166,ACTIVE,560100,PAPER_PRINTING,United Chemicals Manufacturers,BUMCR0387O,29BUMCR0387O9ZT,BBMP,BBMP/560100/0166
167,DORMANT,560058,RUBBER_PLASTICS,Bangalore Beverages Limited,KTJCM2115H,29KTJCM2115H5ZF,BBMP,BBMP/560058/0167
167,DORMANT,560058,RUBBER_PLASTICS,Bangalore Beverages Limited,KTJCM2115H,29KTJCM2115H5ZF,LABOUR,KR/BN/00167/000
168,ACTIVE,560100,FOOD_PROCESSING,Indian Valves Co,KRBPI4643L,29KRBPI4643L9ZG,BBMP,BBMP/560100/0168
168,ACTIVE,560100,FOOD_PROCESSING,Indian Valves Co,KRBPI4643L,29KRBPI4643L9ZG,ESCOM,ESCOM/560100/000168
168,ACTIVE,560100,FOOD_PROCESSING,Indian Valves Co,KRBPI4643L,29KRBPI4643L9ZG,LABOUR,KR/BN/00168/000
169,ACTIVE,560058,CHEMICALS,Titan Plastics Co,MYWHU8365C,,BBMP,BBMP/560058/0169
169,ACTIVE,560058,CHEMICALS,Titan Plastics Co,MYWHU8365C,,ESCOM,ESCOM/560058/000169
169,ACTIVE,560058,CHEMICALS,Titan Plastics Co,MYWHU8365C,,FACTORIES,KAR/FACT/560058/0169
170,ACTIVE,560100,PAPER_PRINTING,National Foundry Traders,FKCPP5037C,,BBMP,BBMP/560100/0170
170,ACTIVE,560100,PAPER_PRINTING,National Foundry Traders,FKCPP5037C,,ESCOM,ESCOM/560100/000170
170,ACTIVE,560100,PAPER_PRINTING,National Foundry Traders,FKCPP5037C,,LABOUR,KR/BN/00170/000
171,ACTIVE,560058,FOOD_PROCESSING,National Pumps Private Limited,ZOHFO1955O,29ZOHFO1955O7ZX,BBMP,BBMP/560058/0171
171,ACTIVE,560058,FOOD_PROCESSING,National Pumps Private Limited,ZOHFO1955O,29ZOHFO1955O7ZX,ESCOM,ESCOM/560058/000171
172,ACTIVE,560100,CHEMICALS,Balaji Pharmaceuticals Industries,RMTPJ0422A,29RMTPJ0422A4ZQ,BBMP,BBMP/560100/0172
172,ACTIVE,560100,CHEMICALS,Balaji Pharmaceuticals Industries,RMTPJ0422A,29RMTPJ0422A4ZQ,ESCOM,ESCOM/560100/000172
173,CLOSED,560058,RUBBER_PLASTICS,Royal Motors International,EHQPT4743E,,ESCOM,ESCOM/560058/000173
174,ACTIVE,560100,ELECTRONICS,JSW Metals Limited,BUBCP1823A,,ESCOM,ESCOM/560100/000174
175,ACTIVE,560058,RUBBER_PLASTICS,Raghavendra Foods Manufacturers,TODPP6188G,29TODPP6188G4ZR,BBMP,BBMP/560058/0175
175,ACTIVE,560058,RUBBER_PLASTICS,Raghavendra Foods Manufacturers,TODPP6188G,29TODPP6188G4ZR,ESCOM,ESCOM/560058/000175
175,ACTIVE,560058,RUBBER_PLASTICS,Raghavendra Foods Manufacturers,TODPP6188G,29TODPP6188G4ZR,LABOUR,KR/BN/00175/000
176,ACTIVE,560100,PAPER_PRINTING,Balaji Packaging Group,YZQHB3151P,,BBMP,BBMP/560100/0176
176,ACTIVE,560100,PAPER_PRINTING,Balaji Packaging Group,YZQHB3151P,,ESCOM,ESCOM/560100/000176
177,ACTIVE,560058,CHEMICALS,Indian Garments Manufacturers,OIMCT9501J,29OIMCT9501J9ZN,BBMP,BBMP/560058/0177
177,ACTIVE,560058,CHEMICALS,Indian Garments Manufacturers,OIMCT9501J,29OIMCT9501J9ZN,ESCOM,ESCOM/560058/000177
177,ACTIVE,560058,CHEMICALS,Indian Garments Manufacturers,OIMCT9501J,29OIMCT9501J9ZN,LABOUR,KR/BN/00177/000
177,ACTIVE,560058,CHEMICALS,Indian Garments Manufacturers,OIMCT9501J,29OIMCT9501J9ZN,FACTORIES,KAR/FACT/560058/0177
178,ACTIVE,560100,ENGINEERING,Raghavendra Printing Corporation,PIQCD0609F,29PIQCD0609F4Z6,BBMP,BBMP/560100/0178
178,ACTIVE,560100,ENGINEERING,Raghavendra Printing Corporation,PIQCD0609F,29PIQCD0609F4Z6,ESCOM,ESCOM/560100/000178
178,ACTIVE,560100,ENGINEERING,Raghavendra Printing Corporation,PIQCD0609F,29PIQCD0609F4Z6,LABOUR,KR/BN/00178/000
178,ACTIVE,560100,ENGINEERING,Raghavendra Printing Corporation,PIQCD0609F,29PIQCD0609F4Z6,FACTORIES,KAR/FACT/560100/0178
179,ACTIVE,560100,ELECTRONICS,Sunrise Paints Pvt Ltd,JTXPL7065X,,BBMP,BBMP/560100/0179
179,ACTIVE,560100,ELECTRONICS,Sunrise Paints Pvt Ltd,JTXPL7065X,,ESCOM,ESCOM/560100/000179
180,DORMANT,560058,PAPER_PRINTING,Srinivasa Electronics Works,WEEFM5655L,29WEEFM5655L9ZK,BBMP,BBMP/560058/0180
180,DORMANT,560058,PAPER_PRINTING,Srinivasa Electronics Works,WEEFM5655L,29WEEFM5655L9ZK,ESCOM,ESCOM/560058/000180
180,DORMANT,560058,PAPER_PRINTING,Srinivasa Electronics Works,WEEFM5655L,29WEEFM5655L9ZK,LABOUR,KR/BN/00180/000
181,CLOSED,560100,AUTO_COMPONENTS,Mphasis Foundry Traders,AZFHK0862R,29AZFHK0862R3Z6,BBMP,BBMP/560100/0181
181,CLOSED,560100,AUTO_COMPONENTS,Mphasis Foundry Traders,AZFHK0862R,29AZFHK0862R3Z6,ESCOM,ESCOM/560100/000181
181,CLOSED,560100,AUTO_COMPONENTS,Mphasis Foundry Traders,AZFHK0862R,29AZFHK0862R3Z6,FACTORIES,KAR/FACT/560100/0181
182,ACTIVE,560058,ENGINEERING,Star Plastics Group,AVJHY0738N,29AVJHY0738N2ZE,BBMP,BBMP/560058/0182
182,ACTIVE,560058,ENGINEERING,Star Plastics Group,AVJHY0738N,29AVJHY0738N2ZE,LABOUR,KR/BN/00182/000
182,ACTIVE,560058,ENGINEERING,Star Plastics Group,AVJHY0738N,29AVJHY0738N2ZE,FACTORIES,KAR/FACT/560058/0182
183,ACTIVE,560100,RUBBER_PLASTICS,New Beverages Private Limited,NFHAM1347R,29NFHAM1347R2ZP,ESCOM,ESCOM/560100/000183
183,ACTIVE,560100,RUBBER_PLASTICS,New Beverages Private Limited,NFHAM1347R,29NFHAM1347R2ZP,LABOUR,KR/BN/00183/000
184,DORMANT,560058,RUBBER_PLASTICS,Sunrise Pipes Works,CRLAL1367F,29CRLAL1367F8Z9,BBMP,BBMP/560058/0184
184,DORMANT,560058,RUBBER_PLASTICS,Sunrise Pipes Works,CRLAL1367F,29CRLAL1367F8Z9,ESCOM,ESCOM/560058/000184
184,DORMANT,560058,RUBBER_PLASTICS,Sunrise Pipes Works,CRLAL1367F,29CRLAL1367F8Z9,LABOUR,KR/BN/00184/000
185,ACTIVE,560058,ELECTRONICS,Sunrise Electricals Corporation,AFNFG5756E,29AFNFG5756E1ZO,ESCOM,ESCOM/560058/000185
185,ACTIVE,560058,ELECTRONICS,Sunrise Electricals Corporation,AFNFG5756E,29AFNFG5756E1ZO,LABOUR,KR/BN/00185/000
186,ACTIVE,560058,PHARMACEUTICALS,Srinivasa Textiles Pvt Ltd,HWKPM5794T,29HWKPM5794T3ZC,ESCOM,ESCOM/560058/000186
186,ACTIVE,560058,PHARMACEUTICALS,Srinivasa Textiles Pvt Ltd,HWKPM5794T,29HWKPM5794T3ZC,LABOUR,KR/BN/00186/000
186,ACTIVE,560058,PHARMACEUTICALS,Srinivasa Textiles Pvt Ltd,HWKPM5794T,29HWKPM5794T3ZC,FACTORIES,KAR/FACT/560058/0186
187,ACTIVE,560058,TEXTILE,Titan Ceramics Enterprises,QWXPA9923M,29QWXPA9923M2ZO,BBMP,BBMP/560058/0187
187,ACTIVE,560058,TEXTILE,Titan Ceramics Enterprises,QWXPA9923M,29QWXPA9923M2ZO,ESCOM,ESCOM/560058/000187
187,ACTIVE,560058,TEXTILE,Titan Ceramics Enterprises,QWXPA9923M,29QWXPA9923M2ZO,LABOUR,KR/BN/00187/000
188,ACTIVE,560100,PAPER_PRINTING,JSW Foundry Works,WISCQ9497U,29WISCQ9497U3ZK,BBMP,BBMP/560100/0188
188,ACTIVE,560100,PAPER_PRINTING,JSW Foundry Works,WISCQ9497U,29WISCQ9497U3ZK,ESCOM,ESCOM/560100/000188
188,ACTIVE,560100,PAPER_PRINTING,JSW Foundry Works,WISCQ9497U,29WISCQ9497U3ZK,LABOUR,KR/BN/00188/000
189,DORMANT,560100,PACKAGING,KS Foundry & Co,QPPAT2636P,,BBMP,BBMP/560100/0189
189,DORMANT,560100,PACKAGING,KS Foundry & Co,QPPAT2636P,,ESCOM,ESCOM/560100/000189
190,ACTIVE,560058,PACKAGING,Royal Textiles International,EYLPT4342M,29EYLPT4342M7ZK,BBMP,BBMP/560058/0190
190,ACTIVE,560058,PACKAGING,Royal Textiles International,EYLPT4342M,29EYLPT4342M7ZK,ESCOM,ESCOM/560058/000190
190,ACTIVE,560058,PACKAGING,Royal Textiles International,EYLPT4342M,29EYLPT4342M7ZK,LABOUR,KR/BN/00190/000
191,ACTIVE,560100,PHARMACEUTICALS,Peoples Garments International,TZEAO3384N,29TZEAO3384N1ZX,BBMP,BBMP/560100/0191
191,ACTIVE,560100,PHARMACEUTICALS,Peoples Garments International,TZEAO3384N,29TZEAO3384N1ZX,LABOUR,KR/BN/00191/000
191,ACTIVE,560100,PHARMACEUTICALS,Peoples Garments International,TZEAO3384N,29TZEAO3384N1ZX,FACTORIES,KAR/FACT/560100/0191
192,ACTIVE,560058,PACKAGING,Wipro Plastics Manufacturers,GRXPZ1707U,29GRXPZ1707U9ZO,BBMP,BBMP/560058/0192
192,ACTIVE,560058,PACKAGING,Wipro Plastics Manufacturers,GRXPZ1707U,29GRXPZ1707U9ZO,ESCOM,ESCOM/560058/000192
192,ACTIVE,560058,PACKAGING,Wipro Plastics Manufacturers,GRXPZ1707U,29GRXPZ1707U9ZO,LABOUR,KR/BN/00192/000
193,CLOSED,560058,FOOD_PROCESSING,United Electricals Private Limited,DDFCT7044Z,,BBMP,BBMP/560058/0193
193,CLOSED,560058,FOOD_PROCESSING,United Electricals Private Limited,DDFCT7044Z,,ESCOM,ESCOM/560058/000193
193,CLOSED,560058,FOOD_PROCESSING,United Electricals Private Limited,DDFCT7044Z,,LABOUR,KR/BN/00193/000
194,ACTIVE,560100,PAPER_PRINTING,Srinivasa Printing Corporation,DAPPT2904F,,BBMP,BBMP/560100/0194
194,ACTIVE,560100,PAPER_PRINTING,Srinivasa Printing Corporation,DAPPT2904F,,ESCOM,ESCOM/560100/000194
194,ACTIVE,560100,PAPER_PRINTING,Srinivasa Printing Corporation,DAPPT2904F,,LABOUR,KR/BN/00194/000
195,ACTIVE,560100,TEXTILE,Lakshmi Cables Limited,BMDAI3422B,,BBMP,BBMP/560100/0195
195,ACTIVE,560100,TEXTILE,Lakshmi Cables Limited,BMDAI3422B,,ESCOM,ESCOM/560100/000195
195,ACTIVE,560100,TEXTILE,Lakshmi Cables Limited,BMDAI3422B,,LABOUR,KR/BN/00195/000
196,CLOSED,560100,CHEMICALS,National Paper Factory,WGHCG0061G,29WGHCG0061G7ZQ,ESCOM,ESCOM/560100/000196
196,CLOSED,560100,CHEMICALS,National Paper Factory,WGHCG0061G,29WGHCG0061G7ZQ,LABOUR,KR/BN/00196/000
197,DORMANT,560100,TEXTILE,Mahalaxmi Ceramics Enterprises,XMMHB6468R,29XMMHB6468R8ZQ,BBMP,BBMP/560100/0197
197,DORMANT,560100,TEXTILE,Mahalaxmi Ceramics Enterprises,XMMHB6468R,29XMMHB6468R8ZQ,ESCOM,ESCOM/560100/000197
197,DORMANT,560100,TEXTILE,Mahalaxmi Ceramics Enterprises,XMMHB6468R,29XMMHB6468R8ZQ,LABOUR,KR/BN/00197/000
198,ACTIVE,560100,AUTO_COMPONENTS,Lakshmi Electricals Limited,PEDAZ7730N,,BBMP,BBMP/560100/0198
198,ACTIVE,560100,AUTO_COMPONENTS,Lakshmi Electricals Limited,PEDAZ7730N,,LABOUR,KR/BN/00198/000
198,ACTIVE,560100,AUTO_COMPONENTS,Lakshmi Electricals Limited,PEDAZ7730N,,FACTORIES,KAR/FACT/560100/0198
199,CLOSED,560100,RUBBER_PLASTICS,Shree Motors Manufacturers,IIUAD8961X,,BBMP,BBMP/560100/0199
199,CLOSED,560100,RUBBER_PLASTICS,Shree Motors Manufacturers,IIUAD8961X,,ESCOM,ESCOM/560100/000199
199,CLOSED,560100,RUBBER_PLASTICS,Shree Motors Manufacturers,IIUAD8961X,,LABOUR,KR/BN/00199/000
200,ACTIVE,560058,ENGINEERING,National Cables Co,HNUCV1120T,29HNUCV1120T2ZD,BBMP,BBMP/560058/0200
200,ACTIVE,560058,ENGINEERING,National Cables Co,HNUCV1120T,29HNUCV1120T2ZD,ESCOM,ESCOM/560058/000200
200,ACTIVE,560058,ENGINEERING,National Cables Co,HNUCV1120T,29HNUCV1120T2ZD,LABOUR,KR/BN/00200/000
201,ACTIVE,560100,RUBBER_PLASTICS,Mphasis Garments Private Limited,,,BBMP,BBMP/560100/0201
201,ACTIVE,560100,RUBBER_PLASTICS,Mphasis Garments Private Limited,,,ESCOM,ESCOM/560100/000201
201,ACTIVE,560100,RUBBER_PLASTICS,Mphasis Garments Private Limited,,,LABOUR,KR/BN/00201/000
202,ACTIVE,560100,AUTO_COMPONENTS,Peoples Foods & Co,,,BBMP,BBMP/560100/0202
202,ACTIVE,560100,AUTO_COMPONENTS,Peoples Foods & Co,,,ESCOM,ESCOM/560100/000202
202,ACTIVE,560100,AUTO_COMPONENTS,Peoples Foods & Co,,,FACTORIES,KAR/FACT/560100/0202
203,ACTIVE,560100,PACKAGING,Venkateshwara Paints International,,,ESCOM,ESCOM/560100/000203
203,ACTIVE,560100,PACKAGING,Venkateshwara Paints International,,,LABOUR,KR/BN/00203/000
204,ACTIVE,560100,ENGINEERING,JSW Printing Co,QOZCM0264N,29QOZCM0264N6ZY,BBMP,BBMP/560100/0204
204,ACTIVE,560100,ENGINEERING,JSW Printing Co,QOZCM0264N,29QOZCM0264N6ZY,ESCOM,ESCOM/560100/000204
204,ACTIVE,560100,ENGINEERING,JSW Printing Co,QOZCM0264N,29QOZCM0264N6ZY,LABOUR,KR/BN/00204/000
205,ACTIVE,560100,RUBBER_PLASTICS,Mahalaxmi Pumps Manufacturers,UJMAV0215Y,29UJMAV0215Y1Z9,BBMP,BBMP/560100/0205
205,ACTIVE,560100,RUBBER_PLASTICS,Mahalaxmi Pumps Manufacturers,UJMAV0215Y,29UJMAV0215Y1Z9,ESCOM,ESCOM/560100/000205
206,ACTIVE,560100,PAPER_PRINTING,Janatha Ceramics Limited,KDHAL9905L,,BBMP,BBMP/560100/0206
206,ACTIVE,560100,PAPER_PRINTING,Janatha Ceramics Limited,KDHAL9905L,,ESCOM,ESCOM/560100/000206
206,ACTIVE,560100,PAPER_PRINTING,Janatha Ceramics Limited,KDHAL9905L,,LABOUR,KR/BN/00206/000
207,ACTIVE,560100,RUBBER_PLASTICS,Karnataka Ceramics Private Limited,VEZHV1061P,29VEZHV1061P3Z5,BBMP,BBMP/560100/0207
207,ACTIVE,560100,RUBBER_PLASTICS,Karnataka Ceramics Private Limited,VEZHV1061P,29VEZHV1061P3Z5,ESCOM,ESCOM/560100/000207
207,ACTIVE,560100,RUBBER_PLASTICS,Karnataka Ceramics Private Limited,VEZHV1061P,29VEZHV1061P3Z5,LABOUR,KR/BN/00207/000
208,ACTIVE,560100,RUBBER_PLASTICS,Wipro Printing Corporation,PWGPQ2950B,29PWGPQ2950B6Z7,BBMP,BBMP/560100/0208
208,ACTIVE,560100,RUBBER_PLASTICS,Wipro Printing Corporation,PWGPQ2950B,29PWGPQ2950B6Z7,ESCOM,ESCOM/560100/000208
208,ACTIVE,560100,RUBBER_PLASTICS,Wipro Printing Corporation,PWGPQ2950B,29PWGPQ2950B6Z7,LABOUR,KR/BN/00208/000
209,ACTIVE,560100,RUBBER_PLASTICS,Lakshmi Furniture International,UIBAK5049S,29UIBAK5049S7ZM,BBMP,BBMP/560100/0209
209,ACTIVE,560100,RUBBER_PLASTICS,Lakshmi Furniture International,UIBAK5049S,29UIBAK5049S7ZM,ESCOM,ESCOM/560100/000209
210,ACTIVE,560100,TEXTILE,Srinivasa Auto Parts Factory,AMDAC8212I,,BBMP,BBMP/560100/0210
210,ACTIVE,560100,TEXTILE,Srinivasa Auto Parts Factory,AMDAC8212I,,ESCOM,ESCOM/560100/000210
211,DORMANT,560058,PHARMACEUTICALS,Venkateshwara Motors Works,VTKCM2462X,29VTKCM2462X1ZG,BBMP,BBMP/560058/0211
211,DORMANT,560058,PHARMACEUTICALS,Venkateshwara Motors Works,VTKCM2462X,29VTKCM2462X1ZG,ESCOM,ESCOM/560058/000211
211,DORMANT,560058,PHARMACEUTICALS,Venkateshwara Motors Works,VTKCM2462X,29VTKCM2462X1ZG,LABOUR,KR/BN/00211/000
211,DORMANT,560058,PHARMACEUTICALS,Venkateshwara Motors Works,VTKCM2462X,29VTKCM2462X1ZG,FACTORIES,KAR/FACT/560058/0211
212,ACTIVE,560100,PHARMACEUTICALS,Bangalore Electricals Works,ZRBHR6949I,29ZRBHR6949I5Z6,BBMP,BBMP/560100/0212
212,ACTIVE,560100,PHARMACEUTICALS,Bangalore Electricals Works,ZRBHR6949I,29ZRBHR6949I5Z6,ESCOM,ESCOM/560100/000212
212,ACTIVE,560100,PHARMACEUTICALS,Bangalore Electricals Works,ZRBHR6949I,29ZRBHR6949I5Z6,LABOUR,KR/BN/00212/000
212,ACTIVE,560100,PHARMACEUTICALS,Bangalore Electricals Works,ZRBHR6949I,29ZRBHR6949I5Z6,FACTORIES,KAR/FACT/560100/0212
213,ACTIVE,560058,AUTO_COMPONENTS,Modern Textiles Co,,,ESCOM,ESCOM/560058/000213
214,ACTIVE,560058,PAPER_PRINTING,Srinivasa Engineering & Co,GMYCU4976V,29GMYCU4976V6ZG,BBMP,BBMP/560058/0214
214,ACTIVE,560058,PAPER_PRINTING,Srinivasa Engineering & Co,GMYCU4976V,29GMYCU4976V6ZG,ESCOM,ESCOM/560058/000214
215,CLOSED,560100,FOOD_PROCESSING,Mphasis Fabrics Manufacturers,,,ESCOM,ESCOM/560100/000215
216,CLOSED,560100,PHARMACEUTICALS,Shree Auto Parts Private Limited,ONYFP4478C,29ONYFP4478C1ZO,BBMP,BBMP/560100/0216
216,CLOSED,560100,PHARMACEUTICALS,Shree Auto Parts Private Limited,ONYFP4478C,29ONYFP4478C1ZO,ESCOM,ESCOM/560100/000216
216,CLOSED,560100,PHARMACEUTICALS,Shree Auto Parts Private Limited,ONYFP4478C,29ONYFP4478C1ZO,FACTORIES,KAR/FACT/560100/0216
217,ACTIVE,560058,AUTO_COMPONENTS,Modern Valves Enterprises,OZRCJ6863C,29OZRCJ6863C8ZC,BBMP,BBMP/560058/0217
217,ACTIVE,560058,AUTO_COMPONENTS,Modern Valves Enterprises,OZRCJ6863C,29OZRCJ6863C8ZC,ESCOM,ESCOM/560058/000217
217,ACTIVE,560058,AUTO_COMPONENTS,Modern Valves Enterprises,OZRCJ6863C,29OZRCJ6863C8ZC,FACTORIES,KAR/FACT/560058/0217
218,CLOSED,560100,TEXTILE,Sri Plastics Industries,LRWAE7207P,29LRWAE7207P8Z2,BBMP,BBMP/560100/0218
218,CLOSED,560100,TEXTILE,Sri Plastics Industries,LRWAE7207P,29LRWAE7207P8Z2,ESCOM,ESCOM/560100/000218
218,CLOSED,560100,TEXTILE,Sri Plastics Industries,LRWAE7207P,29LRWAE7207P8Z2,LABOUR,KR/BN/00218/000
219,DORMANT,560058,PAPER_PRINTING,Lakshmi Pumps Corporation,,,BBMP,BBMP/560058/0219
219,DORMANT,560058,PAPER_PRINTING,Lakshmi Pumps Corporation,,,ESCOM,ESCOM/560058/000219
219,DORMANT,560058,PAPER_PRINTING,Lakshmi Pumps Corporation,,,LABOUR,KR/BN/00219/000
220,ACTIVE,560058,TEXTILE,Premier Electronics Enterprises,OLYHB1763F,,ESCOM,ESCOM/560058/000220
220,ACTIVE,560058,TEXTILE,Premier Electronics Enterprises,OLYHB1763F,,LABOUR,KR/BN/00220/000
221,ACTIVE,560100,FOOD_PROCESSING,Karnataka Electricals Co,RPSAT9673A,29RPSAT9673A4Z7,BBMP,BBMP/560100/0221
221,ACTIVE,560100,FOOD_PROCESSING,Karnataka Electricals Co,RPSAT9673A,29RPSAT9673A4Z7,ESCOM,ESCOM/560100/000221
221,ACTIVE,560100,FOOD_PROCESSING,Karnataka Electricals Co,RPSAT9673A,29RPSAT9673A4Z7,LABOUR,KR/BN/00221/000
222,ACTIVE,560058,CHEMICALS,Sri Foods Pvt Ltd,BJFPI3870X,,ESCOM,ESCOM/560058/000222
222,ACTIVE,560058,CHEMICALS,Sri Foods Pvt Ltd,BJFPI3870X,,LABOUR,KR/BN/00222/000
222,ACTIVE,560058,CHEMICALS,Sri Foods Pvt Ltd,BJFPI3870X,,FACTORIES,KAR/FACT/560058/0222
223,ACTIVE,560058,AUTO_COMPONENTS,Bengaluru Cables Pvt Ltd,XBPFB8194M,29XBPFB8194M8ZC,ESCOM,ESCOM/560058/000223
224,CLOSED,560100,FOOD_PROCESSING,Royal Plastics Ltd,WCWAP8244A,29WCWAP8244A4ZF,BBMP,BBMP/560100/0224
224,CLOSED,560100,FOOD_PROCESSING,Royal Plastics Ltd,WCWAP8244A,29WCWAP8244A4ZF,LABOUR,KR/BN/00224/000
225,ACTIVE,560058,PHARMACEUTICALS,Star Cables Works,LGOPA6423H,29LGOPA6423H2Z1,BBMP,BBMP/560058/0225
225,ACTIVE,560058,PHARMACEUTICALS,Star Cables Works,LGOPA6423H,29LGOPA6423H2Z1,ESCOM,ESCOM/560058/000225
225,ACTIVE,560058,PHARMACEUTICALS,Star Cables Works,LGOPA6423H,29LGOPA6423H2Z1,FACTORIES,KAR/FACT/560058/0225
226,ACTIVE,560100,FOOD_PROCESSING,Janatha Valves Enterprises,NHTHW9577C,29NHTHW9577C6Z3,ESCOM,ESCOM/560100/000226
226,ACTIVE,560100,FOOD_PROCESSING,Janatha Valves Enterprises,NHTHW9577C,29NHTHW9577C6Z3,LABOUR,KR/BN/00226/000
227,ACTIVE,560058,RUBBER_PLASTICS,New Fabrics Works,,,BBMP,BBMP/560058/0227
227,ACTIVE,560058,RUBBER_PLASTICS,New Fabrics Works,,,ESCOM,ESCOM/560058/000227
227,ACTIVE,560058,RUBBER_PLASTICS,New Fabrics Works,,,LABOUR,KR/BN/00227/000
228,DORMANT,560100,RUBBER_PLASTICS,Raghavendra Metals Limited,VMNAR8436W,29VMNAR8436W2ZC,ESCOM,ESCOM/560100/000228
229,ACTIVE,560058,FOOD_PROCESSING,Global Electricals Corporation,YMKAX6208H,29YMKAX6208H9ZL,BBMP,BBMP/560058/0229
229,ACTIVE,560058,FOOD_PROCESSING,Global Electricals Corporation,YMKAX6208H,29YMKAX6208H9ZL,ESCOM,ESCOM/560058/000229
229,ACTIVE,560058,FOOD_PROCESSING,Global Electricals Corporation,YMKAX6208H,29YMKAX6208H9ZL,LABOUR,KR/BN/00229/000
230,ACTIVE,560100,PHARMACEUTICALS,KS Paper Private Limited,UBJHO9615F,29UBJHO9615F3ZA,BBMP,BBMP/560100/0230
230,ACTIVE,560100,PHARMACEUTICALS,KS Paper Private Limited,UBJHO9615F,29UBJHO9615F3ZA,ESCOM,ESCOM/560100/000230
230,ACTIVE,560100,PHARMACEUTICALS,KS Paper Private Limited,UBJHO9615F,29UBJHO9615F3ZA,FACTORIES,KAR/FACT/560100/0230
231,ACTIVE,560100,FOOD_PROCESSING,Titan Foundry Works,TYYFE0793W,29TYYFE0793W5Z9,BBMP,BBMP/560100/0231
231,ACTIVE,560100,FOOD_PROCESSING,Titan Foundry Works,TYYFE0793W,29TYYFE0793W5Z9,ESCOM,ESCOM/560100/000231
232,ACTIVE,560100,TEXTILE,Infosys Rubber Corporation,,,BBMP,BBMP/560100/0232
232,ACTIVE,560100,TEXTILE,Infosys Rubber Corporation,,,ESCOM,ESCOM/560100/000232
233,ACTIVE,560100,ENGINEERING,National Steel Ltd,KSLHM3239R,,ESCOM,ESCOM/560100/000233
233,ACTIVE,560100,ENGINEERING,National Steel Ltd,KSLHM3239R,,LABOUR,KR/BN/00233/000
233,ACTIVE,560100,ENGINEERING,National Steel Ltd,KSLHM3239R,,FACTORIES,KAR/FACT/560100/0233
234,ACTIVE,560058,PAPER_PRINTING,Sunrise Fabrics Private Limited,YPJPA4945W,29YPJPA4945W3ZC,ESCOM,ESCOM/560058/000234
234,ACTIVE,560058,PAPER_PRINTING,Sunrise Fabrics Private Limited,YPJPA4945W,29YPJPA4945W3ZC,LABOUR,KR/BN/00234/000
235,ACTIVE,560100,ELECTRONICS,Shree Motors Industries,,,BBMP,BBMP/560100/0235
235,ACTIVE,560100,ELECTRONICS,Shree Motors Industries,,,ESCOM,ESCOM/560100/000235
236,ACTIVE,560100,ENGINEERING,Sunrise Pipes Enterprises,ZVJFX5810K,29ZVJFX5810K3ZM,BBMP,BBMP/560100/0236
236,ACTIVE,560100,ENGINEERING,Sunrise Pipes Enterprises,ZVJFX5810K,29ZVJFX5810K3ZM,ESCOM,ESCOM/560100/000236
236,ACTIVE,560100,ENGINEERING,Sunrise Pipes Enterprises,ZVJFX5810K,29ZVJFX5810K3ZM,FACTORIES,KAR/FACT/560100/0236
237,ACTIVE,560058,FOOD_PROCESSING,Royal Engineering Factory,HSJHR5805L,29HSJHR5805L7ZL,ESCOM,ESCOM/560058/000237
237,ACTIVE,560058,FOOD_PROCESSING,Royal Engineering Factory,HSJHR5805L,29HSJHR5805L7ZL,LABOUR,KR/BN/00237/000
238,ACTIVE,560058,PACKAGING,Mphasis Fabrics Pvt Ltd,VXPCY9137D,,ESCOM,ESCOM/560058/000238
238,ACTIVE,560058,PACKAGING,Mphasis Fabrics Pvt Ltd,VXPCY9137D,,LABOUR,KR/BN/00238/000
239,ACTIVE,560058,ENGINEERING,Shree Cables Manufacturers,PMXAB0677T,,ESCOM,ESCOM/560058/000239
239,ACTIVE,560058,ENGINEERING,Shree Cables Manufacturers,PMXAB0677T,,FACTORIES,KAR/FACT/560058/0239
240,ACTIVE,560058,RUBBER_PLASTICS,Premier Fabrics Pvt Ltd,XNZCD9984W,29XNZCD9984W8Z6,BBMP,BBMP/560058/0240
240,ACTIVE,560058,RUBBER_PLASTICS,Premier Fabrics Pvt Ltd,XNZCD9984W,29XNZCD9984W8Z6,ESCOM,ESCOM/560058/000240
240,ACTIVE,560058,RUBBER_PLASTICS,Premier Fabrics Pvt Ltd,XNZCD9984W,29XNZCD9984W8Z6,LABOUR,KR/BN/00240/000
241,ACTIVE,560100,ENGINEERING,National Electricals Manufacturers,,,BBMP,BBMP/560100/0241
241,ACTIVE,560100,ENGINEERING,National Electricals Manufacturers,,,ESCOM,ESCOM/560100/000241
241,ACTIVE,560100,ENGINEERING,National Electricals Manufacturers,,,LABOUR,KR/BN/00241/000
242,ACTIVE,560100,ELECTRONICS,United Fabrics International,RKNFV0145D,29RKNFV0145D3Z4,BBMP,BBMP/560100/0242
242,ACTIVE,560100,ELECTRONICS,United Fabrics International,RKNFV0145D,29RKNFV0145D3Z4,ESCOM,ESCOM/560100/000242
243,ACTIVE,560100,CHEMICALS,Royal Paints Group,ZNDFO1246E,,BBMP,BBMP/560100/0243
243,ACTIVE,560100,CHEMICALS,Royal Paints Group,ZNDFO1246E,,ESCOM,ESCOM/560100/000243
243,ACTIVE,560100,CHEMICALS,Royal Paints Group,ZNDFO1246E,,LABOUR,KR/BN/00243/000
244,ACTIVE,560058,ENGINEERING,Raghavendra Cables Works,NOVFR5904D,29NOVFR5904D6ZO,BBMP,BBMP/560058/0244
244,ACTIVE,560058,ENGINEERING,Raghavendra Cables Works,NOVFR5904D,29NOVFR5904D6ZO,ESCOM,ESCOM/560058/000244
244,ACTIVE,560058,ENGINEERING,Raghavendra Cables Works,NOVFR5904D,29NOVFR5904D6ZO,LABOUR,KR/BN/00244/000
245,ACTIVE,560100,PACKAGING,Global Cables Pvt Ltd,OEBFI4963J,29OEBFI4963J1Z2,BBMP,BBMP/560100/0245
245,ACTIVE,560100,PACKAGING,Global Cables Pvt Ltd,OEBFI4963J,29OEBFI4963J1Z2,ESCOM,ESCOM/560100/000245
245,ACTIVE,560100,PACKAGING,Global Cables Pvt Ltd,OEBFI4963J,29OEBFI4963J1Z2,LABOUR,KR/BN/00245/000
246,ACTIVE,560100,AUTO_COMPONENTS,Titan Metals Enterprises,CRWAD3034N,29CRWAD3034N7ZH,BBMP,BBMP/560100/0246
246,ACTIVE,560100,AUTO_COMPONENTS,Titan Metals Enterprises,CRWAD3034N,29CRWAD3034N7ZH,ESCOM,ESCOM/560100/000246
247,ACTIVE,560058,AUTO_COMPONENTS,Global Furniture Group,VNHPB2586C,29VNHPB2586C2ZL,ESCOM,ESCOM/560058/000247
247,ACTIVE,560058,AUTO_COMPONENTS,Global Furniture Group,VNHPB2586C,29VNHPB2586C2ZL,LABOUR,KR/BN/00247/000
247,ACTIVE,560058,AUTO_COMPONENTS,Global Furniture Group,VNHPB2586C,29VNHPB2586C2ZL,FACTORIES,KAR/FACT/560058/0247
248,ACTIVE,560100,RUBBER_PLASTICS,JSW Foods Traders,QNEPP2974U,29QNEPP2974U7Z3,ESCOM,ESCOM/560100/000248
249,ACTIVE,560100,ENGINEERING,Srinivasa Foods Corporation,GGDAA2845N,29GGDAA2845N1ZC,BBMP,BBMP/560100/0249
249,ACTIVE,560100,ENGINEERING,Srinivasa Foods Corporation,GGDAA2845N,29GGDAA2845N1ZC,ESCOM,ESCOM/560100/000249
249,ACTIVE,560100,ENGINEERING,Srinivasa Foods Corporation,GGDAA2845N,29GGDAA2845N1ZC,FACTORIES,KAR/FACT/560100/0249
250,DORMANT,560100,TEXTILE,Sri Valves International,XRXFM9711X,29XRXFM9711X2ZX,ESCOM,ESCOM/560100/000250
251,ACTIVE,560100,AUTO_COMPONENTS,Peoples Paper & Co,EZLPI8056D,29EZLPI8056D7ZU,BBMP,BBMP/560100/0251
251,ACTIVE,560100,AUTO_COMPONENTS,Peoples Paper & Co,EZLPI8056D,29EZLPI8056D7ZU,ESCOM,ESCOM/560100/000251
251,ACTIVE,560100,AUTO_COMPONENTS,Peoples Paper & Co,EZLPI8056D,29EZLPI8056D7ZU,FACTORIES,KAR/FACT/560100/0251
252,CLOSED,560058,ELECTRONICS,Bangalore Printing Traders,WKXCM9939Y,,BBMP,BBMP/560058/0252
252,CLOSED,560058,ELECTRONICS,Bangalore Printing Traders,WKXCM9939Y,,ESCOM,ESCOM/560058/000252
252,CLOSED,560058,ELECTRONICS,Bangalore Printing Traders,WKXCM9939Y,,LABOUR,KR/BN/00252/000
253,DORMANT,560100,PHARMACEUTICALS,Star Metals International,NJPHR7400U,,ESCOM,ESCOM/560100/000253
253,DORMANT,560100,PHARMACEUTICALS,Star Metals International,NJPHR7400U,,LABOUR,KR/BN/00253/000
254,ACTIVE,560058,PAPER_PRINTING,Raghavendra Metals Group,VUFAN3338S,,BBMP,BBMP/560058/0254
254,ACTIVE,560058,PAPER_PRINTING,Raghavendra Metals Group,VUFAN3338S,,ESCOM,ESCOM/560058/000254
255,DORMANT,560058,TEXTILE,Infosys Rubber Traders,DSLAO8422Z,29DSLAO8422Z8ZO,BBMP,BBMP/560058/0255
255,DORMANT,560058,TEXTILE,Infosys Rubber Traders,DSLAO8422Z,29DSLAO8422Z8ZO,ESCOM,ESCOM/560058/000255
256,ACTIVE,560058,TEXTILE,KS Chemicals Ltd,,,ESCOM,ESCOM/560058/000256
256,ACTIVE,560058,TEXTILE,KS Chemicals Ltd,,,LABOUR,KR/BN/00256/000
257,ACTIVE,560058,ENGINEERING,Modern Garments Industries,SVAAQ6333R,,BBMP,BBMP/560058/0257
257,ACTIVE,560058,ENGINEERING,Modern Garments Industries,SVAAQ6333R,,ESCOM,ESCOM/560058/000257
257,ACTIVE,560058,ENGINEERING,Modern Garments Industries,SVAAQ6333R,,FACTORIES,KAR/FACT/560058/0257
258,ACTIVE,560100,ENGINEERING,JSW Garments Private Limited,PTGHK4174E,29PTGHK4174E8Z3,BBMP,BBMP/560100/0258
258,ACTIVE,560100,ENGINEERING,JSW Garments Private Limited,PTGHK4174E,29PTGHK4174E8Z3,ESCOM,ESCOM/560100/000258
258,ACTIVE,560100,ENGINEERING,JSW Garments Private Limited,PTGHK4174E,29PTGHK4174E8Z3,LABOUR,KR/BN/00258/000
259,ACTIVE,560100,TEXTILE,Mphasis Packaging & Co,,,BBMP,BBMP/560100/0259
259,ACTIVE,560100,TEXTILE,Mphasis Packaging & Co,,,ESCOM,ESCOM/560100/000259
259,ACTIVE,560100,TEXTILE,Mphasis Packaging & Co,,,LABOUR,KR/BN/00259/000
260,CLOSED,560058,PAPER_PRINTING,Shree Furniture Group,ARRHM3913A,,ESCOM,ESCOM/560058/000260
261,ACTIVE,560100,AUTO_COMPONENTS,Star Pipes International,TOPPC3198C,,BBMP,BBMP/560100/0261
261,ACTIVE,560100,AUTO_COMPONENTS,Star Pipes International,TOPPC3198C,,ESCOM,ESCOM/560100/000261
261,ACTIVE,560100,AUTO_COMPONENTS,Star Pipes International,TOPPC3198C,,FACTORIES,KAR/FACT/560100/0261
262,ACTIVE,560100,PAPER_PRINTING,Balaji Packaging Co,MOKFY4316C,,BBMP,BBMP/560100/0262
262,ACTIVE,560100,PAPER_PRINTING,Balaji Packaging Co,MOKFY4316C,,ESCOM,ESCOM/560100/000262
262,ACTIVE,560100,PAPER_PRINTING,Balaji Packaging Co,MOKFY4316C,,LABOUR,KR/BN/00262/000
263,ACTIVE,560058,CHEMICALS,Mphasis Metals Pvt Ltd,LOOAB5544X,29LOOAB5544X5ZM,ESCOM,ESCOM/560058/000263
264,ACTIVE,560058,PACKAGING,Indian Paints Limited,IXVHG1768D,29IXVHG1768D1Z0,BBMP,BBMP/560058/0264
264,ACTIVE,560058,PACKAGING,Indian Paints Limited,IXVHG1768D,29IXVHG1768D1Z0,ESCOM,ESCOM/560058/000264
264,ACTIVE,560058,PACKAGING,Indian Paints Limited,IXVHG1768D,29IXVHG1768D1Z0,LABOUR,KR/BN/00264/000
265,DORMANT,560100,CHEMICALS,Sunrise Pumps Factory,,,BBMP,BBMP/560100/0265
265,DORMANT,560100,CHEMICALS,Sunrise Pumps Factory,,,ESCOM,ESCOM/560100/000265
265,DORMANT,560100,CHEMICALS,Sunrise Pumps Factory,,,FACTORIES,KAR/FACT/560100/0265
266,CLOSED,560058,PACKAGING,Peoples Leather Corporation,,,BBMP,BBMP/560058/0266
266,CLOSED,560058,PACKAGING,Peoples Leather Corporation,,,ESCOM,ESCOM/560058/000266
266,CLOSED,560058,PACKAGING,Peoples Leather Corporation,,,LABOUR,KR/BN/00266/000
267,ACTIVE,560058,ELECTRONICS,KS Paper Corporation,ZWTFT7903Q,29ZWTFT7903Q8ZE,BBMP,BBMP/560058/0267
267,ACTIVE,560058,ELECTRONICS,KS Paper Corporation,ZWTFT7903Q,29ZWTFT7903Q8ZE,ESCOM,ESCOM/560058/000267
267,ACTIVE,560058,ELECTRONICS,KS Paper Corporation,ZWTFT7903Q,29ZWTFT7903Q8ZE,LABOUR,KR/BN/00267/000
268,ACTIVE,560058,PHARMACEUTICALS,Sunrise Leather Enterprises,MLNCS9368V,29MLNCS9368V5ZO,BBMP,BBMP/560058/0268
268,ACTIVE,560058,PHARMACEUTICALS,Sunrise Leather Enterprises,MLNCS9368V,29MLNCS9368V5ZO,ESCOM,ESCOM/560058/000268
268,ACTIVE,560058,PHARMACEUTICALS,Sunrise Leather Enterprises,MLNCS9368V,29MLNCS9368V5ZO,LABOUR,KR/BN/00268/000
268,ACTIVE,560058,PHARMACEUTICALS,Sunrise Leather Enterprises,MLNCS9368V,29MLNCS9368V5ZO,FACTORIES,KAR/FACT/560058/0268
269,ACTIVE,560058,PHARMACEUTICALS,Balaji Electronics Ltd,HFBFA3261Q,,ESCOM,ESCOM/560058/000269
269,ACTIVE,560058,PHARMACEUTICALS,Balaji Electronics Ltd,HFBFA3261Q,,FACTORIES,KAR/FACT/560058/0269
270,ACTIVE,560058,RUBBER_PLASTICS,Bangalore Electricals Corporation,UZTFD7681R,,BBMP,BBMP/560058/0270
270,ACTIVE,560058,RUBBER_PLASTICS,Bangalore Electricals Corporation,UZTFD7681R,,ESCOM,ESCOM/560058/000270
271,ACTIVE,560100,ENGINEERING,Balaji Leather Enterprises,TAVFP3503Y,29TAVFP3503Y4Z9,BBMP,BBMP/560100/0271
271,ACTIVE,560100,ENGINEERING,Balaji Leather Enterprises,TAVFP3503Y,29TAVFP3503Y4Z9,ESCOM,ESCOM/560100/000271
271,ACTIVE,560100,ENGINEERING,Balaji Leather Enterprises,TAVFP3503Y,29TAVFP3503Y4Z9,LABOUR,KR/BN/00271/000
271,ACTIVE,560100,ENGINEERING,Balaji Leather Enterprises,TAVFP3503Y,29TAVFP3503Y4Z9,FACTORIES,KAR/FACT/560100/0271
272,DORMANT,560100,TEXTILE,Mphasis Electricals Group,,,BBMP,BBMP/560100/0272
272,DORMANT,560100,TEXTILE,Mphasis Electricals Group,,,LABOUR,KR/BN/00272/000
273,ACTIVE,560058,RUBBER_PLASTICS,KS Metals Traders,,,BBMP,BBMP/560058/0273
273,ACTIVE,560058,RUBBER_PLASTICS,KS Metals Traders,,,ESCOM,ESCOM/560058/000273
274,CLOSED,560100,AUTO_COMPONENTS,Indian Motors Group,STDFR2055Y,29STDFR2055Y1Z1,BBMP,BBMP/560100/0274
274,CLOSED,560100,AUTO_COMPONENTS,Indian Motors Group,STDFR2055Y,29STDFR2055Y1Z1,ESCOM,ESCOM/560100/000274
274,CLOSED,560100,AUTO_COMPONENTS,Indian Motors Group,STDFR2055Y,29STDFR2055Y1Z1,LABOUR,KR/BN/00274/000
275,CLOSED,560100,RUBBER_PLASTICS,Titan Engineering Industries,UZOCU6822V,29UZOCU6822V3ZO,BBMP,BBMP/560100/0275
275,CLOSED,560100,RUBBER_PLASTICS,Titan Engineering Industries,UZOCU6822V,29UZOCU6822V3ZO,ESCOM,ESCOM/560100/000275
276,DORMANT,560100,ENGINEERING,Lakshmi Garments Traders,KOUAI5696P,29KOUAI5696P7ZA,ESCOM,ESCOM/560100/000276
276,DORMANT,560100,ENGINEERING,Lakshmi Garments Traders,KOUAI5696P,29KOUAI5696P7ZA,LABOUR,KR/BN/00276/000
277,ACTIVE,560100,TEXTILE,Star Electronics Works,BDJHL3471S,29BDJHL3471S5ZI,ESCOM,ESCOM/560100/000277
277,ACTIVE,560100,TEXTILE,Star Electronics Works,BDJHL3471S,29BDJHL3471S5ZI,LABOUR,KR/BN/00277/000
278,ACTIVE,560100,PAPER_PRINTING,Mphasis Plastics Group,TRDFX3764H,29TRDFX3764H6ZY,BBMP,BBMP/560100/0278
278,ACTIVE,560100,PAPER_PRINTING,Mphasis Plastics Group,TRDFX3764H,29TRDFX3764H6ZY,ESCOM,ESCOM/560100/000278
278,ACTIVE,560100,PAPER_PRINTING,Mphasis Plastics Group,TRDFX3764H,29TRDFX3764H6ZY,LABOUR,KR/BN/00278/000
279,ACTIVE,560100,RUBBER_PLASTICS,Srinivasa Engineering Co,EMXAD6592G,,BBMP,BBMP/560100/0279
279,ACTIVE,560100,RUBBER_PLASTICS,Srinivasa Engineering Co,EMXAD6592G,,ESCOM,ESCOM/560100/000279
280,ACTIVE,560058,AUTO_COMPONENTS,Wipro Electronics Traders,ZOHPF2034F,,BBMP,BBMP/560058/0280
280,ACTIVE,560058,AUTO_COMPONENTS,Wipro Electronics Traders,ZOHPF2034F,,ESCOM,ESCOM/560058/000280
280,ACTIVE,560058,AUTO_COMPONENTS,Wipro Electronics Traders,ZOHPF2034F,,LABOUR,KR/BN/00280/000
280,ACTIVE,560058,AUTO_COMPONENTS,Wipro Electronics Traders,ZOHPF2034F,,FACTORIES,KAR/FACT/560058/0280
281,DORMANT,560058,TEXTILE,Karnataka Beverages Group,HIOPC4428I,29HIOPC4428I2ZF,BBMP,BBMP/560058/0281
281,DORMANT,560058,TEXTILE,Karnataka Beverages Group,HIOPC4428I,29HIOPC4428I2ZF,LABOUR,KR/BN/00281/000
282,ACTIVE,560058,AUTO_COMPONENTS,Modern Electronics Group,VYQPU9094T,29VYQPU9094T7ZM,ESCOM,ESCOM/560058/000282
283,CLOSED,560058,RUBBER_PLASTICS,Bangalore Metals Ltd,HRIFG4506U,29HRIFG4506U8Z0,BBMP,BBMP/560058/0283
283,CLOSED,560058,RUBBER_PLASTICS,Bangalore Metals Ltd,HRIFG4506U,29HRIFG4506U8Z0,ESCOM,ESCOM/560058/000283
284,DORMANT,560058,RUBBER_PLASTICS,Shree Pumps Corporation,KVVHA1310X,,BBMP,BBMP/560058/0284
284,DORMANT,560058,RUBBER_PLASTICS,Shree Pumps Corporation,KVVHA1310X,,ESCOM,ESCOM/560058/000284
284,DORMANT,560058,RUBBER_PLASTICS,Shree Pumps Corporation,KVVHA1310X,,LABOUR,KR/BN/00284/000
285,DORMANT,560100,AUTO_COMPONENTS,Sri Chemicals Manufacturers,,,ESCOM,ESCOM/560100/000285
285,DORMANT,560100,AUTO_COMPONENTS,Sri Chemicals Manufacturers,,,LABOUR,KR/BN/00285/000
285,DORMANT,560100,AUTO_COMPONENTS,Sri Chemicals Manufacturers,,,FACTORIES,KAR/FACT/560100/0285
286,ACTIVE,560058,ENGINEERING,Balaji Chemicals International,PRWAA9690K,29PRWAA9690K7ZH,BBMP,BBMP/560058/0286
286,ACTIVE,560058,ENGINEERING,Balaji Chemicals International,PRWAA9690K,29PRWAA9690K7ZH,LABOUR,KR/BN/00286/000
287,ACTIVE,560100,AUTO_COMPONENTS,Shree Steel Ltd,YXFFK3604Z,,ESCOM,ESCOM/560100/000287
287,ACTIVE,560100,AUTO_COMPONENTS,Shree Steel Ltd,YXFFK3604Z,,FACTORIES,KAR/FACT/560100/0287
288,ACTIVE,560058,PAPER_PRINTING,Sunrise Foundry Group,,,BBMP,BBMP/560058/0288
289,ACTIVE,560100,TEXTILE,KS Rubber Co,WKQHN2560M,29WKQHN2560M7Z6,BBMP,BBMP/560100/0289
289,ACTIVE,560100,TEXTILE,KS Rubber Co,WKQHN2560M,29WKQHN2560M7Z6,ESCOM,ESCOM/560100/000289
290,ACTIVE,560058,PAPER_PRINTING,Janatha Pumps Ltd,LGUAB1556L,29LGUAB1556L9Z9,BBMP,BBMP/560058/0290
290,ACTIVE,560058,PAPER_PRINTING,Janatha Pumps Ltd,LGUAB1556L,29LGUAB1556L9Z9,LABOUR,KR/BN/00290/000
291,ACTIVE,560058,ELECTRONICS,National Pumps Corporation,UIRCW6468S,29UIRCW6468S5ZQ,BBMP,BBMP/560058/0291
291,ACTIVE,560058,ELECTRONICS,National Pumps Corporation,UIRCW6468S,29UIRCW6468S5ZQ,ESCOM,ESCOM/560058/000291
291,ACTIVE,560058,ELECTRONICS,National Pumps Corporation,UIRCW6468S,29UIRCW6468S5ZQ,LABOUR,KR/BN/00291/000
292,DORMANT,560058,PHARMACEUTICALS,Sunrise Foods Ltd,VAACL0121S,29VAACL0121S6Z2,BBMP,BBMP/560058/0292
292,DORMANT,560058,PHARMACEUTICALS,Sunrise Foods Ltd,VAACL0121S,29VAACL0121S6Z2,ESCOM,ESCOM/560058/000292
292,DORMANT,560058,PHARMACEUTICALS,Sunrise Foods Ltd,VAACL0121S,29VAACL0121S6Z2,FACTORIES,KAR/FACT/560058/0292
293,ACTIVE,560058,FOOD_PROCESSING,Peoples Chemicals International,HGVCV1576N,29HGVCV1576N2Z7,BBMP,BBMP/560058/0293
293,ACTIVE,560058,FOOD_PROCESSING,Peoples Chemicals International,HGVCV1576N,29HGVCV1576N2Z7,ESCOM,ESCOM/560058/000293
293,ACTIVE,560058,FOOD_PROCESSING,Peoples Chemicals International,HGVCV1576N,29HGVCV1576N2Z7,LABOUR,KR/BN/00293/000
294,ACTIVE,560058,TEXTILE,Royal Rubber Factory,QHDPQ9820P,29QHDPQ9820P2ZA,BBMP,BBMP/560058/0294
294,ACTIVE,560058,TEXTILE,Royal Rubber Factory,QHDPQ9820P,29QHDPQ9820P2ZA,ESCOM,ESCOM/560058/000294
295,ACTIVE,560100,PHARMACEUTICALS,Global Chemicals Factory,WKHFM5935E,29WKHFM5935E5ZS,BBMP,BBMP/560100/0295
295,ACTIVE,560100,PHARMACEUTICALS,Global Chemicals Factory,WKHFM5935E,29WKHFM5935E5ZS,ESCOM,ESCOM/560100/000295
295,ACTIVE,560100,PHARMACEUTICALS,Global Chemicals Factory,WKHFM5935E,29WKHFM5935E5ZS,LABOUR,KR/BN/00295/000
295,ACTIVE,560100,PHARMACEUTICALS,Global Chemicals Factory,WKHFM5935E,29WKHFM5935E5ZS,FACTORIES,KAR/FACT/560100/0295
296,DORMANT,560100,AUTO_COMPONENTS,Bangalore Steel Industries,HNOPC7900B,29HNOPC7900B6ZC,BBMP,BBMP/560100/0296
296,DORMANT,560100,AUTO_COMPONENTS,Bangalore Steel Industries,HNOPC7900B,29HNOPC7900B6ZC,ESCOM,ESCOM/560100/000296
296,DORMANT,560100,AUTO_COMPONENTS,Bangalore Steel Industries,HNOPC7900B,29HNOPC7900B6ZC,FACTORIES,KAR/FACT/560100/0296
297,ACTIVE,560100,TEXTILE,Royal Pharmaceuticals Limited,ZYWAH2745Z,29ZYWAH2745Z8ZT,BBMP,BBMP/560100/0297
297,ACTIVE,560100,TEXTILE,Royal Pharmaceuticals Limited,ZYWAH2745Z,29ZYWAH2745Z8ZT,ESCOM,ESCOM/560100/000297
297,ACTIVE,560100,TEXTILE,Royal Pharmaceuticals Limited,ZYWAH2745Z,29ZYWAH2745Z8ZT,LABOUR,KR/BN/00297/000
298,ACTIVE,560058,AUTO_COMPONENTS,Balaji Paper Corporation,LTTFW5307E,,BBMP,BBMP/560058/0298
298,ACTIVE,560058,AUTO_COMPONENTS,Balaji Paper Corporation,LTTFW5307E,,ESCOM,ESCOM/560058/000298
298,ACTIVE,560058,AUTO_COMPONENTS,Balaji Paper Corporation,LTTFW5307E,,FACTORIES,KAR/FACT/560058/0298
299,CLOSED,560058,RUBBER_PLASTICS,Infosys Foods Manufacturers,,,BBMP,BBMP/560058/0299
299,CLOSED,560058,RUBBER_PLASTICS,Infosys Foods Manufacturers,,,ESCOM,ESCOM/560058/000299
300,CLOSED,560100,ELECTRONICS,Bengaluru Pharmaceuticals Co,,,ESCOM,ESCOM/560100/000300
300,CLOSED,560100,ELECTRONICS,Bengaluru Pharmaceuticals Co,,,LABOUR,KR/BN/00300/000
301,ACTIVE,560058,ELECTRONICS,Star Pharmaceuticals Traders,HADFC8623S,29HADFC8623S8ZT,BBMP,BBMP/560058/0301
302,ACTIVE,560100,ELECTRONICS,Premier Metals Manufacturers,KYGPF2629W,29KYGPF2629W4ZV,BBMP,BBMP/560100/0302
303,ACTIVE,560100,ELECTRONICS,Peoples Steel Private Limited,KACCE3740R,29KACCE3740R8Z8,BBMP,BBMP/560100/0303
304,ACTIVE,560058,CHEMICALS,Mphasis Foods Co,VVQPW6164T,,BBMP,BBMP/560058/0304
305,ACTIVE,560058,ENGINEERING,JSW Fabrics International,IQQHR3421K,,BBMP,BBMP/560058/0305
306,ACTIVE,560100,CHEMICALS,Wipro Textiles Ltd,PZSPV9711Y,29PZSPV9711Y6ZU,BBMP,BBMP/560100/0306
307,DORMANT,560100,CHEMICALS,Karnataka Pipes Enterprises,FJQHH9597K,,ESCOM,ESCOM/560100/000307
308,ACTIVE,560100,ELECTRONICS,Karnataka Beverages Traders,LAWCC9099E,,BBMP,BBMP/560100/0308
309,ACTIVE,560058,CHEMICALS,Southern Fabrics Enterprises,MKPCN7870M,29MKPCN7870M2ZJ,BBMP,BBMP/560058/0309
310,ACTIVE,560100,ELECTRONICS,Infosys Leather Traders,ZJMFU9089D,29ZJMFU9089D3ZC,ESCOM,ESCOM/560100/000310
311,ACTIVE,560100,ELECTRONICS,Indian Printing Co,YDGFS9807U,29YDGFS9807U7ZP,ESCOM,ESCOM/560100/000311
312,ACTIVE,560100,PACKAGING,Southern Pumps Ltd,YKICF8006Q,29YKICF8006Q5ZR,BBMP,BBMP/560100/0312
313,CLOSED,560100,TEXTILE,Mahalaxmi Furniture Group,CCDCC3546D,,ESCOM,ESCOM/560100/000313
314,ACTIVE,560100,PHARMACEUTICALS,Balaji Furniture Traders,YRJCB9880W,29YRJCB9880W3Z1,BBMP,BBMP/560100/0314
315,ACTIVE,560100,AUTO_COMPONENTS,Mphasis Fabrics Limited,KPCFN9946W,29KPCFN9946W7ZI,ESCOM,ESCOM/560100/000315
316,ACTIVE,560100,PHARMACEUTICALS,KS Engineering Co,,,BBMP,BBMP/560100/0316
317,ACTIVE,560100,ENGINEERING,Wipro Metals Enterprises,RUZFN8210C,29RUZFN8210C4Z7,ESCOM,ESCOM/560100/000317
318,DORMANT,560058,RUBBER_PLASTICS,National Pharmaceuticals & Co,DYVHP6127Z,29DYVHP6127Z1ZK,ESCOM,ESCOM/560058/000318
319,DORMANT,560100,AUTO_COMPONENTS,Mphasis Cables Group,WSHCV9103N,29WSHCV9103N6ZP,BBMP,BBMP/560100/0319
320,DORMANT,560100,PHARMACEUTICALS,Peoples Pipes Traders,TASCS1783N,29TASCS1783N3Z3,BBMP,BBMP/560100/0320
